,Balcombe;Arrive,Balcombe;Depart,Balham;Pass,Balcombe Tunnel Jn;Pass,Battersea Park;Pass,Battersea Pier Jn.;Pass,Brighton;Terminate,Burgess Hill;Arrive,Burgess Hill;Depart,Clapham Junction;Arrive,Clapham Junction;Depart,Copyhold Jn;Pass,Earlswood (Surrey);Pass,East Croydon;Arrive,East Croydon;Depart,Gatwick Airport;Arrive,Gatwick Airport;Depart,Hassocks;Arrive,Hassocks;Depart,Haywards Heath;Arrive,Haywards Heath;Depart,Hove;Arrive,Hove;Depart,Keymer Jn;Pass,London Victoria;Originate,Preston Park;Arrive,Preston Park;Depart,Preston Park;Pass,Purley;Pass,Redhill;Pass,Selhurst;Pass,South Croydon;Pass,Stoats Nest Jn.;Pass,Streatham Common;Pass,Streatham North Jn;Pass,Three Bridges;Arrive,Three Bridges;Depart,Three Bridges;Pass,Windmill Bridge Jn;Pass,Wivelsfield;Arrive
01/01/2020,#ERROR,#ERROR,-30,240,#ERROR,#ERROR,0,90,30,0,-60,#ERROR,240,150,120,240,210,30,30,210,120,#ERROR,#ERROR,90,0,#ERROR,#ERROR,0,150,#ERROR,0,90,210,#ERROR,-60,#ERROR,#ERROR,210,#ERROR,#ERROR
02/01/2020,#ERROR,#ERROR,-30,-30,#ERROR,#ERROR,0,120,120,-60,0,#ERROR,30,30,30,90,0,120,120,-30,30,#ERROR,#ERROR,120,0,#ERROR,#ERROR,90,60,#ERROR,0,#ERROR,#ERROR,#ERROR,-60,#ERROR,#ERROR,0,#ERROR,#ERROR
03/01/2020,#ERROR,#ERROR,-30,-30,#ERROR,#ERROR,-120,60,60,-60,0,#ERROR,-30,-30,-30,30,0,60,0,-30,-90,#ERROR,#ERROR,60,-60,#ERROR,#ERROR,30,0,#ERROR,-60,#ERROR,0,#ERROR,-60,#ERROR,#ERROR,0,#ERROR,#ERROR
04/01/2020,#ERROR,#ERROR,150,450,#ERROR,#ERROR,240,300,330,120,180,#ERROR,210,210,210,330,240,330,360,450,330,#ERROR,#ERROR,300,180,#ERROR,#ERROR,390,240,#ERROR,180,#ERROR,240,#ERROR,120,#ERROR,#ERROR,360,#ERROR,#ERROR
06/01/2020,#ERROR,#ERROR,"1,050","1,230",#ERROR,#ERROR,"1,080","1,080","1,080","1,020","1,020",#ERROR,"1,110","1,110","1,110","1,170","1,080","1,080","1,080","1,230","1,110",#ERROR,#ERROR,"1,080",960,#ERROR,#ERROR,"1,050","1,140",#ERROR,"1,080",#ERROR,"1,140",#ERROR,"1,020",#ERROR,#ERROR,"1,080",#ERROR,#ERROR
07/01/2020,#ERROR,#ERROR,30,30,#ERROR,#ERROR,-120,0,0,60,0,#ERROR,90,90,90,150,0,0,0,-30,-90,#ERROR,#ERROR,0,60,#ERROR,#ERROR,-30,60,#ERROR,0,#ERROR,60,#ERROR,0,#ERROR,#ERROR,0,#ERROR,#ERROR
08/01/2020,#ERROR,#ERROR,90,150,#ERROR,#ERROR,240,420,420,60,60,#ERROR,150,150,150,210,180,420,360,150,270,#ERROR,#ERROR,420,120,#ERROR,#ERROR,390,180,#ERROR,120,#ERROR,180,#ERROR,60,#ERROR,#ERROR,120,#ERROR,#ERROR
09/01/2020,#ERROR,#ERROR,-30,-30,#ERROR,#ERROR,-60,60,60,-60,-60,#ERROR,-30,-30,-30,30,0,60,60,-30,-30,#ERROR,#ERROR,60,0,#ERROR,#ERROR,30,0,#ERROR,-60,#ERROR,0,#ERROR,-60,#ERROR,#ERROR,0,#ERROR,#ERROR
10/01/2020,#ERROR,#ERROR,270,450,#ERROR,#ERROR,360,480,480,240,240,#ERROR,330,330,330,450,420,480,480,450,390,#ERROR,#ERROR,480,0,#ERROR,#ERROR,510,300,#ERROR,240,#ERROR,300,#ERROR,240,#ERROR,#ERROR,420,#ERROR,#ERROR
11/01/2020,#ERROR,#ERROR,0,0,#ERROR,#ERROR,-60,-30,0,0,0,#ERROR,0,180,0,0,-30,0,-30,-60,-60,#ERROR,#ERROR,-30,-60,#ERROR,#ERROR,0,30,#ERROR,-60,#ERROR,30,#ERROR,-90,#ERROR,#ERROR,-30,#ERROR,#ERROR
12/01/2020,#ERROR,#ERROR,-90,0,#ERROR,#ERROR,-120,-30,-30,-60,-60,#ERROR,0,30,0,0,-30,-90,-90,-30,-60,#ERROR,#ERROR,-30,0,#ERROR,#ERROR,-60,30,#ERROR,0,#ERROR,30,#ERROR,0,#ERROR,#ERROR,-30,#ERROR,#ERROR
13/01/2020,#ERROR,#ERROR,-30,270,#ERROR,#ERROR,120,180,180,-60,-60,#ERROR,270,210,210,390,300,180,120,270,150,#ERROR,#ERROR,180,0,#ERROR,#ERROR,150,300,#ERROR,120,#ERROR,300,#ERROR,0,#ERROR,#ERROR,300,#ERROR,#ERROR
14/01/2020,#ERROR,#ERROR,150,270,#ERROR,#ERROR,180,360,360,120,120,#ERROR,270,150,150,330,240,360,300,330,210,#ERROR,#ERROR,360,180,#ERROR,#ERROR,270,180,#ERROR,120,#ERROR,240,#ERROR,120,#ERROR,#ERROR,240,#ERROR,#ERROR
15/01/2020,#ERROR,#ERROR,210,150,#ERROR,#ERROR,-60,0,0,180,180,#ERROR,210,210,210,270,180,0,0,150,30,#ERROR,#ERROR,0,0,#ERROR,#ERROR,30,240,#ERROR,180,#ERROR,240,#ERROR,180,#ERROR,#ERROR,180,#ERROR,#ERROR
16/01/2020,#ERROR,#ERROR,150,30,#ERROR,150,0,60,60,120,120,#ERROR,90,150,150,150,60,60,0,30,-30,#ERROR,#ERROR,60,60,#ERROR,#ERROR,30,120,#ERROR,120,#ERROR,120,#ERROR,120,#ERROR,#ERROR,60,#ERROR,#ERROR
17/01/2020,#ERROR,#ERROR,-30,-30,#ERROR,#ERROR,240,60,60,-60,0,#ERROR,-30,30,30,-30,0,60,60,-30,-30,#ERROR,#ERROR,60,0,#ERROR,#ERROR,270,0,#ERROR,0,#ERROR,0,#ERROR,0,#ERROR,#ERROR,0,#ERROR,#ERROR
20/01/2020,#ERROR,#ERROR,90,120,#ERROR,#ERROR,60,60,30,120,60,#ERROR,210,90,90,180,150,30,60,150,-30,#ERROR,#ERROR,60,120,#ERROR,#ERROR,90,120,#ERROR,60,#ERROR,120,#ERROR,60,#ERROR,#ERROR,150,#ERROR,#ERROR
21/01/2020,#ERROR,#ERROR,-30,60,#ERROR,#ERROR,420,180,210,0,0,#ERROR,210,150,210,60,30,210,180,90,-30,#ERROR,#ERROR,120,0,#ERROR,#ERROR,390,240,#ERROR,120,#ERROR,#ERROR,#ERROR,-60,#ERROR,#ERROR,30,#ERROR,#ERROR
22/01/2020,#ERROR,#ERROR,-30,-60,#ERROR,#ERROR,60,0,30,-60,-60,#ERROR,-90,-30,-30,-60,-30,30,60,-30,-90,#ERROR,#ERROR,0,-60,#ERROR,#ERROR,30,-60,#ERROR,-60,#ERROR,-60,#ERROR,-60,#ERROR,#ERROR,-30,#ERROR,#ERROR
23/01/2020,#ERROR,#ERROR,-30,300,#ERROR,#ERROR,360,360,330,-60,0,#ERROR,90,30,30,300,270,330,360,330,210,#ERROR,#ERROR,300,-60,#ERROR,#ERROR,390,120,#ERROR,0,#ERROR,120,#ERROR,0,#ERROR,#ERROR,270,#ERROR,#ERROR
24/01/2020,#ERROR,#ERROR,-30,-30,#ERROR,#ERROR,-120,-60,-60,-120,0,#ERROR,-150,-30,-90,-90,-60,-60,-60,-90,-90,#ERROR,#ERROR,-60,-60,#ERROR,#ERROR,-30,-60,#ERROR,-60,#ERROR,-60,#ERROR,-60,#ERROR,#ERROR,-60,#ERROR,#ERROR
25/01/2020,#ERROR,#ERROR,-30,-30,#ERROR,#ERROR,-240,-60,-90,-120,0,#ERROR,30,30,90,30,-60,-90,0,-30,-90,#ERROR,#ERROR,-60,-60,#ERROR,#ERROR,-30,60,#ERROR,-60,#ERROR,60,#ERROR,-60,#ERROR,#ERROR,-60,#ERROR,#ERROR
26/01/2020,#ERROR,#ERROR,-30,90,#ERROR,#ERROR,-120,-30,-90,-60,0,#ERROR,30,0,60,150,60,-90,-90,0,-60,#ERROR,#ERROR,-30,-60,#ERROR,#ERROR,-60,60,#ERROR,0,#ERROR,60,#ERROR,-60,#ERROR,#ERROR,60,#ERROR,#ERROR
27/01/2020,#ERROR,#ERROR,30,210,#ERROR,#ERROR,300,240,300,0,0,#ERROR,270,150,210,330,240,300,240,210,150,#ERROR,#ERROR,240,60,#ERROR,#ERROR,270,180,#ERROR,0,#ERROR,240,#ERROR,0,#ERROR,#ERROR,240,#ERROR,#ERROR
28/01/2020,#ERROR,#ERROR,630,"1,710",#ERROR,#ERROR,"1,560","1,680","1,680",660,600,#ERROR,"1,350",750,750,"1,770","1,680","1,680","1,620","1,830","1,710",#ERROR,#ERROR,"1,680",660,#ERROR,#ERROR,"1,650",720,#ERROR,660,#ERROR,720,#ERROR,600,#ERROR,#ERROR,"1,680",#ERROR,#ERROR
29/01/2020,#ERROR,#ERROR,-30,-30,#ERROR,#ERROR,-60,0,0,-60,0,#ERROR,30,90,90,90,0,0,-60,-30,-90,#ERROR,#ERROR,0,0,#ERROR,#ERROR,-30,60,#ERROR,0,#ERROR,60,#ERROR,0,#ERROR,#ERROR,-60,#ERROR,#ERROR
30/01/2020,#ERROR,#ERROR,30,-30,#ERROR,#ERROR,-60,0,0,60,60,#ERROR,30,90,90,90,0,0,-60,-30,-30,#ERROR,#ERROR,0,60,#ERROR,#ERROR,-30,120,#ERROR,60,#ERROR,120,#ERROR,60,#ERROR,#ERROR,0,#ERROR,#ERROR
31/01/2020,#ERROR,#ERROR,-30,30,#ERROR,#ERROR,120,360,300,-120,0,#ERROR,-90,-30,-30,-30,-60,300,300,90,270,#ERROR,#ERROR,300,-60,#ERROR,#ERROR,270,-60,#ERROR,-60,#ERROR,-60,#ERROR,-60,#ERROR,#ERROR,0,#ERROR,#ERROR
01/02/2020,#ERROR,#ERROR,-30,-30,#ERROR,#ERROR,0,180,210,-60,0,#ERROR,-30,30,30,30,-60,210,180,-90,30,#ERROR,#ERROR,180,0,#ERROR,#ERROR,210,0,#ERROR,-60,#ERROR,0,#ERROR,-60,#ERROR,#ERROR,-60,#ERROR,#ERROR
03/02/2020,#ERROR,#ERROR,30,-30,#ERROR,#ERROR,-60,60,60,0,0,#ERROR,-30,30,30,30,-60,60,0,-30,-90,#ERROR,#ERROR,60,60,#ERROR,#ERROR,30,0,#ERROR,0,#ERROR,0,#ERROR,0,#ERROR,#ERROR,-60,#ERROR,#ERROR
04/02/2020,#ERROR,#ERROR,-30,30,#ERROR,#ERROR,-120,0,-60,-60,0,#ERROR,-30,30,30,-30,0,-60,-60,-30,-90,#ERROR,#ERROR,0,0,#ERROR,#ERROR,-30,0,#ERROR,0,#ERROR,0,#ERROR,-60,#ERROR,#ERROR,0,#ERROR,#ERROR
05/02/2020,#ERROR,#ERROR,-30,-30,#ERROR,#ERROR,0,120,120,-60,0,#ERROR,30,90,90,30,0,120,120,-30,30,#ERROR,#ERROR,120,0,#ERROR,#ERROR,150,60,#ERROR,0,#ERROR,60,#ERROR,-60,#ERROR,#ERROR,0,#ERROR,#ERROR
06/02/2020,#ERROR,#ERROR,-30,-30,#ERROR,#ERROR,60,120,120,-60,-60,#ERROR,-30,-30,-30,30,0,120,120,-30,30,#ERROR,#ERROR,120,0,#ERROR,#ERROR,150,0,#ERROR,-60,#ERROR,0,#ERROR,-60,#ERROR,#ERROR,0,#ERROR,#ERROR
07/02/2020,#ERROR,#ERROR,-30,-30,#ERROR,#ERROR,-120,-60,0,-60,0,#ERROR,30,30,30,30,0,0,-60,30,-90,#ERROR,#ERROR,-60,0,#ERROR,#ERROR,-30,0,#ERROR,0,#ERROR,0,#ERROR,-60,#ERROR,#ERROR,-60,#ERROR,#ERROR
08/02/2020,#ERROR,#ERROR,-30,150,#ERROR,#ERROR,0,120,90,-120,-60,#ERROR,-30,-30,-30,30,0,90,120,150,90,#ERROR,#ERROR,120,-60,#ERROR,#ERROR,150,-60,#ERROR,-60,#ERROR,-60,#ERROR,-60,#ERROR,#ERROR,120,#ERROR,#ERROR
09/02/2020,#ERROR,#ERROR,210,690,#ERROR,#ERROR,"1,020",990,930,180,180,#ERROR,600,330,300,720,660,990,930,900,900,#ERROR,#ERROR,930,240,#ERROR,#ERROR,"1,080",330,#ERROR,300,#ERROR,330,#ERROR,240,690,750,#ERROR,#ERROR,#ERROR
10/02/2020,#ERROR,#ERROR,30,30,#ERROR,#ERROR,-180,-60,-60,0,0,#ERROR,90,90,90,90,0,-60,-60,30,-90,#ERROR,#ERROR,-60,0,#ERROR,#ERROR,-30,120,#ERROR,60,#ERROR,120,#ERROR,0,#ERROR,#ERROR,0,#ERROR,#ERROR
11/02/2020,#ERROR,#ERROR,-30,30,#ERROR,#ERROR,-60,120,120,-60,0,#ERROR,30,90,90,90,0,120,60,30,30,#ERROR,#ERROR,120,-60,#ERROR,#ERROR,90,60,#ERROR,-60,#ERROR,60,#ERROR,-60,#ERROR,#ERROR,0,#ERROR,#ERROR
12/02/2020,#ERROR,#ERROR,-30,-30,#ERROR,#ERROR,0,180,180,-60,0,#ERROR,-90,-30,-30,-30,-60,180,120,-90,30,#ERROR,#ERROR,120,0,#ERROR,#ERROR,150,-60,#ERROR,-60,#ERROR,-60,#ERROR,-60,#ERROR,#ERROR,-60,#ERROR,#ERROR
13/02/2020,#ERROR,#ERROR,-30,-30,#ERROR,#ERROR,-120,0,0,0,0,#ERROR,-30,-30,30,30,0,0,0,-30,-90,#ERROR,#ERROR,0,0,#ERROR,#ERROR,-30,0,#ERROR,-60,#ERROR,0,#ERROR,-60,#ERROR,#ERROR,0,#ERROR,#ERROR
14/02/2020,#ERROR,#ERROR,90,-30,#ERROR,#ERROR,0,180,180,-60,0,#ERROR,30,90,90,90,0,180,120,-30,90,#ERROR,#ERROR,180,-60,#ERROR,#ERROR,150,60,#ERROR,60,#ERROR,60,#ERROR,60,#ERROR,#ERROR,0,#ERROR,#ERROR
15/02/2020,#ERROR,#ERROR,-30,-30,#ERROR,#ERROR,-180,0,-30,-60,0,#ERROR,-30,30,30,30,0,-30,0,-30,-90,#ERROR,#ERROR,-60,-60,#ERROR,#ERROR,30,0,#ERROR,0,#ERROR,0,#ERROR,-60,#ERROR,#ERROR,0,#ERROR,#ERROR
17/02/2020,#ERROR,#ERROR,-30,-30,#ERROR,#ERROR,-120,-60,-60,0,0,#ERROR,-30,-30,-30,30,0,-60,-60,-90,-90,#ERROR,#ERROR,-120,0,#ERROR,#ERROR,-30,0,#ERROR,0,#ERROR,0,#ERROR,-60,#ERROR,#ERROR,-60,#ERROR,#ERROR
18/02/2020,#ERROR,#ERROR,-30,-30,#ERROR,#ERROR,-120,-60,-60,-60,-60,#ERROR,-90,-30,-30,-90,0,-60,-60,-30,-90,#ERROR,#ERROR,-60,-60,#ERROR,#ERROR,-30,-60,#ERROR,-60,#ERROR,-60,#ERROR,-60,#ERROR,#ERROR,0,#ERROR,#ERROR
19/02/2020,#ERROR,#ERROR,-30,-30,#ERROR,#ERROR,-180,-60,-60,-60,0,#ERROR,-30,-30,-30,-30,-60,-60,-60,-90,-90,#ERROR,#ERROR,-60,0,#ERROR,#ERROR,-30,0,#ERROR,-60,#ERROR,0,#ERROR,-60,#ERROR,#ERROR,-60,#ERROR,#ERROR
20/02/2020,#ERROR,#ERROR,-30,-30,#ERROR,#ERROR,-60,-60,-60,-60,0,#ERROR,-30,-30,30,-30,-60,-60,0,90,-30,#ERROR,#ERROR,-60,0,#ERROR,#ERROR,30,0,#ERROR,-60,#ERROR,0,#ERROR,-60,#ERROR,#ERROR,-60,#ERROR,#ERROR
21/02/2020,#ERROR,#ERROR,390,510,#ERROR,#ERROR,180,360,300,360,420,#ERROR,510,510,510,570,480,300,300,450,330,#ERROR,#ERROR,300,420,#ERROR,#ERROR,270,540,#ERROR,420,#ERROR,540,#ERROR,420,#ERROR,#ERROR,480,#ERROR,#ERROR
22/02/2020,#ERROR,#ERROR,60,30,90,90,240,180,210,90,90,#ERROR,60,60,60,60,0,270,240,90,30,#ERROR,#ERROR,180,0,#ERROR,#ERROR,390,90,#ERROR,90,#ERROR,90,#ERROR,30,#ERROR,#ERROR,0,#ERROR,#ERROR
23/02/2020,#ERROR,#ERROR,-30,120,#ERROR,#ERROR,-120,-30,-30,-60,-60,#ERROR,120,-30,0,180,90,-30,-30,90,60,#ERROR,#ERROR,-30,0,#ERROR,#ERROR,-60,30,#ERROR,0,-90,90,#ERROR,-60,#ERROR,#ERROR,90,-30,#ERROR
24/02/2020,#ERROR,#ERROR,-30,270,#ERROR,#ERROR,300,420,360,0,0,#ERROR,210,90,90,270,240,360,360,270,270,#ERROR,#ERROR,360,0,#ERROR,#ERROR,330,120,#ERROR,60,#ERROR,180,#ERROR,-60,#ERROR,#ERROR,240,#ERROR,#ERROR
25/02/2020,#ERROR,#ERROR,-30,30,#ERROR,#ERROR,180,300,240,-60,0,#ERROR,30,90,90,90,60,240,240,30,150,#ERROR,#ERROR,240,-60,#ERROR,#ERROR,270,60,#ERROR,60,#ERROR,60,#ERROR,0,#ERROR,#ERROR,60,#ERROR,#ERROR
26/02/2020,#ERROR,#ERROR,30,90,#ERROR,#ERROR,180,240,240,60,60,#ERROR,150,210,210,210,120,240,180,90,150,#ERROR,#ERROR,240,0,#ERROR,#ERROR,210,240,#ERROR,180,#ERROR,240,#ERROR,60,#ERROR,#ERROR,120,#ERROR,#ERROR
27/02/2020,#ERROR,#ERROR,-30,30,#ERROR,#ERROR,60,120,120,0,0,#ERROR,-30,30,30,90,0,120,60,210,90,#ERROR,#ERROR,120,0,#ERROR,#ERROR,90,0,#ERROR,0,#ERROR,0,#ERROR,0,#ERROR,#ERROR,0,#ERROR,#ERROR
28/02/2020,#ERROR,#ERROR,30,150,#ERROR,#ERROR,-60,60,60,60,60,#ERROR,210,90,90,210,120,60,0,90,-30,#ERROR,#ERROR,60,120,#ERROR,#ERROR,30,120,#ERROR,60,#ERROR,180,#ERROR,60,#ERROR,#ERROR,120,#ERROR,#ERROR
29/02/2020,#ERROR,#ERROR,-30,630,#ERROR,#ERROR,420,480,510,0,0,#ERROR,150,90,90,750,660,510,540,570,450,#ERROR,#ERROR,420,0,#ERROR,#ERROR,570,120,#ERROR,0,#ERROR,120,#ERROR,-60,#ERROR,#ERROR,630,#ERROR,#ERROR
01/03/2020,#ERROR,#ERROR,-30,-30,#ERROR,#ERROR,-120,-30,-90,0,-60,#ERROR,-60,30,0,0,-60,-90,-90,-120,-60,#ERROR,#ERROR,-30,0,#ERROR,#ERROR,-120,-30,#ERROR,0,#ERROR,-30,#ERROR,-60,#ERROR,#ERROR,-30,#ERROR,#ERROR
02/03/2020,#ERROR,#ERROR,-30,150,#ERROR,#ERROR,60,30,60,-60,0,#ERROR,30,90,90,210,240,60,90,150,0,#ERROR,#ERROR,30,-60,#ERROR,#ERROR,60,60,#ERROR,0,#ERROR,60,#ERROR,-60,#ERROR,#ERROR,240,#ERROR,#ERROR
03/03/2020,#ERROR,#ERROR,-30,150,#ERROR,#ERROR,240,330,360,-60,0,#ERROR,-30,30,30,150,120,360,330,150,240,#ERROR,#ERROR,330,-60,#ERROR,#ERROR,360,0,#ERROR,0,#ERROR,0,#ERROR,-60,#ERROR,#ERROR,180,#ERROR,#ERROR
04/03/2020,#ERROR,#ERROR,-30,90,#ERROR,#ERROR,60,90,60,0,0,#ERROR,210,150,150,210,180,60,90,90,0,#ERROR,#ERROR,90,0,#ERROR,#ERROR,60,180,#ERROR,120,#ERROR,180,#ERROR,0,#ERROR,#ERROR,180,#ERROR,#ERROR
05/03/2020,#ERROR,#ERROR,-30,270,#ERROR,#ERROR,-60,-30,0,-60,-60,#ERROR,150,210,210,150,120,0,-30,210,-60,#ERROR,#ERROR,-30,0,#ERROR,#ERROR,0,180,#ERROR,60,#ERROR,180,#ERROR,-60,#ERROR,#ERROR,240,#ERROR,#ERROR
06/03/2020,#ERROR,#ERROR,"1,170","1,170",#ERROR,#ERROR,"1,320","1,200","1,200","1,080","1,080",#ERROR,"1,170","1,230","1,230","1,230","1,140","1,200","1,200","1,170","1,110",#ERROR,#ERROR,"1,200",840,#ERROR,#ERROR,"1,410","1,200",#ERROR,"1,200",#ERROR,"1,200",#ERROR,"1,200",#ERROR,#ERROR,"1,140",#ERROR,#ERROR
07/03/2020,#ERROR,#ERROR,210,690,#ERROR,150,900,660,690,180,240,#ERROR,390,270,330,750,660,690,660,630,570,#ERROR,#ERROR,660,0,#ERROR,#ERROR,690,420,#ERROR,240,#ERROR,420,#ERROR,240,#ERROR,#ERROR,660,#ERROR,#ERROR
08/03/2020,#ERROR,#ERROR,90,330,#ERROR,#ERROR,0,150,90,120,120,#ERROR,180,90,60,300,240,90,90,300,180,#ERROR,#ERROR,150,180,#ERROR,#ERROR,60,90,#ERROR,60,#ERROR,90,#ERROR,60,#ERROR,#ERROR,300,#ERROR,#ERROR
09/03/2020,#ERROR,#ERROR,-30,330,#ERROR,#ERROR,360,480,480,-60,0,#ERROR,270,330,330,390,300,480,480,450,330,#ERROR,#ERROR,480,0,#ERROR,#ERROR,510,360,#ERROR,180,#ERROR,360,#ERROR,-60,#ERROR,#ERROR,300,#ERROR,#ERROR
10/03/2020,#ERROR,#ERROR,-30,90,#ERROR,#ERROR,180,300,300,-60,0,#ERROR,-30,30,30,150,60,300,240,90,210,#ERROR,#ERROR,300,0,#ERROR,#ERROR,270,0,#ERROR,0,#ERROR,0,#ERROR,-60,#ERROR,#ERROR,60,#ERROR,#ERROR
11/03/2020,#ERROR,#ERROR,30,150,#ERROR,#ERROR,0,120,120,0,0,#ERROR,30,30,30,270,180,120,120,150,30,#ERROR,#ERROR,120,60,#ERROR,#ERROR,90,60,#ERROR,0,#ERROR,#ERROR,#ERROR,0,#ERROR,#ERROR,180,#ERROR,#ERROR
12/03/2020,#ERROR,#ERROR,30,150,#ERROR,#ERROR,0,120,120,60,60,#ERROR,150,150,150,270,180,120,60,150,30,#ERROR,#ERROR,120,-60,#ERROR,#ERROR,90,120,#ERROR,60,#ERROR,180,#ERROR,60,#ERROR,#ERROR,180,#ERROR,#ERROR
13/03/2020,#ERROR,#ERROR,-30,90,#ERROR,#ERROR,-120,0,0,-60,0,#ERROR,30,30,30,150,60,0,0,90,-30,#ERROR,#ERROR,0,-60,#ERROR,#ERROR,-30,60,#ERROR,0,#ERROR,60,#ERROR,-60,#ERROR,#ERROR,60,#ERROR,#ERROR
14/03/2020,#ERROR,#ERROR,30,30,#ERROR,#ERROR,-30,-90,-60,60,0,#ERROR,150,90,30,270,90,-60,-90,-120,-60,#ERROR,#ERROR,-90,60,#ERROR,#ERROR,-60,60,#ERROR,60,#ERROR,60,#ERROR,0,#ERROR,#ERROR,150,#ERROR,#ERROR
15/03/2020,#ERROR,#ERROR,-30,300,#ERROR,#ERROR,240,240,240,0,0,#ERROR,240,90,90,300,270,240,240,270,270,#ERROR,#ERROR,240,60,#ERROR,#ERROR,270,150,#ERROR,0,90,210,#ERROR,-120,#ERROR,#ERROR,330,30,#ERROR
16/03/2020,#ERROR,#ERROR,-30,30,#ERROR,#ERROR,0,120,120,-60,-60,#ERROR,30,30,30,150,60,120,60,30,30,#ERROR,#ERROR,120,0,#ERROR,#ERROR,90,0,#ERROR,-60,#ERROR,0,#ERROR,-60,#ERROR,#ERROR,0,#ERROR,#ERROR
17/03/2020,#ERROR,#ERROR,-30,30,#ERROR,#ERROR,120,240,240,-60,-60,#ERROR,-30,-30,-30,90,0,240,240,30,210,#ERROR,#ERROR,240,0,#ERROR,#ERROR,210,0,#ERROR,-60,#ERROR,0,#ERROR,-60,#ERROR,#ERROR,0,#ERROR,#ERROR
18/03/2020,#ERROR,#ERROR,90,150,#ERROR,#ERROR,60,240,180,60,120,#ERROR,210,210,150,270,180,180,180,150,90,#ERROR,#ERROR,180,120,#ERROR,#ERROR,150,180,#ERROR,180,#ERROR,180,#ERROR,60,#ERROR,#ERROR,180,#ERROR,#ERROR
19/03/2020,#ERROR,#ERROR,150,270,#ERROR,#ERROR,0,120,120,-60,0,#ERROR,90,150,150,210,120,120,60,270,90,#ERROR,#ERROR,120,0,#ERROR,#ERROR,90,120,#ERROR,120,#ERROR,120,#ERROR,120,#ERROR,#ERROR,240,#ERROR,#ERROR
20/03/2020,#ERROR,#ERROR,-30,-30,#ERROR,#ERROR,-240,-60,0,-60,0,#ERROR,-90,30,-30,-30,0,-60,-60,-90,-90,#ERROR,#ERROR,-60,-60,#ERROR,#ERROR,-90,0,#ERROR,0,#ERROR,0,#ERROR,-60,#ERROR,#ERROR,-60,#ERROR,#ERROR
21/03/2020,#ERROR,#ERROR,-30,30,#ERROR,#ERROR,60,30,60,-60,0,#ERROR,30,90,90,90,-30,60,90,60,-60,#ERROR,#ERROR,-30,0,#ERROR,#ERROR,120,60,#ERROR,-60,#ERROR,60,#ERROR,-60,#ERROR,#ERROR,90,#ERROR,#ERROR
23/03/2020,#ERROR,#ERROR,210,270,#ERROR,#ERROR,-60,180,210,240,240,#ERROR,330,390,390,390,240,150,180,210,90,#ERROR,#ERROR,180,300,#ERROR,#ERROR,150,360,#ERROR,180,#ERROR,360,#ERROR,180,#ERROR,#ERROR,240,#ERROR,#ERROR
25/03/2020,#ERROR,#ERROR,210,90,#ERROR,#ERROR,-180,0,30,240,180,#ERROR,150,210,210,210,120,30,0,90,-30,#ERROR,#ERROR,0,300,#ERROR,#ERROR,-30,180,#ERROR,180,#ERROR,180,#ERROR,180,#ERROR,#ERROR,120,#ERROR,#ERROR
26/03/2020,#ERROR,#ERROR,330,330,#ERROR,#ERROR,-120,120,150,360,360,#ERROR,390,450,450,450,360,90,120,270,150,#ERROR,#ERROR,120,420,#ERROR,#ERROR,90,420,#ERROR,300,#ERROR,420,#ERROR,300,#ERROR,#ERROR,300,#ERROR,#ERROR
27/03/2020,#ERROR,#ERROR,-30,-30,#ERROR,#ERROR,-240,-60,-30,-120,-60,#ERROR,-90,-30,-30,-30,-60,-90,-60,-90,-90,#ERROR,#ERROR,-60,-60,#ERROR,#ERROR,-30,-60,#ERROR,-60,#ERROR,-60,#ERROR,-60,#ERROR,#ERROR,-60,#ERROR,#ERROR
28/03/2020,#ERROR,#ERROR,-30,-150,#ERROR,#ERROR,-120,-150,-60,-60,-60,#ERROR,-30,30,30,30,-90,-60,-30,-360,-60,#ERROR,#ERROR,-150,-60,#ERROR,#ERROR,-90,0,#ERROR,0,#ERROR,0,#ERROR,-60,#ERROR,#ERROR,-90,#ERROR,#ERROR
29/03/2020,#ERROR,#ERROR,30,150,#ERROR,#ERROR,-60,30,30,60,60,#ERROR,0,90,60,330,210,30,-30,60,0,#ERROR,#ERROR,30,120,#ERROR,#ERROR,0,90,#ERROR,60,#ERROR,90,#ERROR,60,#ERROR,#ERROR,240,#ERROR,#ERROR
30/03/2020,#ERROR,#ERROR,-30,30,#ERROR,#ERROR,-180,-30,-90,-60,-60,#ERROR,-60,30,-60,0,0,-90,-90,-60,-60,#ERROR,#ERROR,-30,-60,#ERROR,#ERROR,-120,-30,#ERROR,0,#ERROR,-30,#ERROR,-60,#ERROR,#ERROR,0,#ERROR,#ERROR
31/03/2020,#ERROR,#ERROR,-30,-30,#ERROR,#ERROR,-180,-30,-90,-60,0,#ERROR,-60,-30,-60,0,0,-90,-90,-60,-60,#ERROR,#ERROR,-30,-60,#ERROR,#ERROR,-120,-30,#ERROR,0,#ERROR,-30,#ERROR,-60,#ERROR,#ERROR,0,#ERROR,#ERROR
01/04/2020,#ERROR,#ERROR,30,-30,#ERROR,#ERROR,-180,-90,-90,60,0,#ERROR,-60,30,0,0,-60,-90,-90,0,-60,#ERROR,#ERROR,-90,60,#ERROR,#ERROR,-120,-30,#ERROR,0,#ERROR,-30,#ERROR,0,#ERROR,#ERROR,-60,#ERROR,#ERROR
02/04/2020,#ERROR,#ERROR,-30,-30,#ERROR,#ERROR,-120,-30,-30,0,0,#ERROR,0,30,0,60,-60,-30,-90,-120,0,#ERROR,#ERROR,-30,0,#ERROR,#ERROR,-60,30,#ERROR,0,#ERROR,30,#ERROR,0,#ERROR,#ERROR,-60,#ERROR,#ERROR
03/04/2020,#ERROR,#ERROR,-30,-30,#ERROR,#ERROR,-120,-30,-30,-60,-60,#ERROR,-60,-30,-60,0,-60,-30,-90,-120,-60,#ERROR,#ERROR,-90,-60,#ERROR,#ERROR,-60,-30,#ERROR,-60,#ERROR,-30,#ERROR,-60,#ERROR,#ERROR,-60,#ERROR,#ERROR
04/04/2020,#ERROR,#ERROR,570,690,#ERROR,#ERROR,-60,330,#ERROR,600,540,#ERROR,480,570,#ERROR,780,720,150,#ERROR,600,420,#ERROR,#ERROR,330,600,#ERROR,#ERROR,0,390,#ERROR,540,#ERROR,390,#ERROR,540,#ERROR,#ERROR,720,#ERROR,#ERROR
05/04/2020,360,390,390,390,#ERROR,#ERROR,360,390,390,420,420,#ERROR,390,510,420,390,420,390,330,360,360,330,330,390,480,360,330,#ERROR,450,#ERROR,420,#ERROR,450,#ERROR,360,450,450,#ERROR,#ERROR,390
06/04/2020,#ERROR,#ERROR,-30,-30,#ERROR,#ERROR,-120,-30,-90,-60,-60,#ERROR,-60,-30,-60,0,-60,-90,-90,-120,-60,#ERROR,#ERROR,-30,-60,#ERROR,#ERROR,-60,-30,#ERROR,-60,#ERROR,-30,#ERROR,-60,#ERROR,#ERROR,-60,#ERROR,#ERROR
07/04/2020,#ERROR,#ERROR,-30,-30,#ERROR,#ERROR,-120,-30,-30,-60,-60,#ERROR,-60,-30,-60,0,0,-30,-90,-60,0,#ERROR,#ERROR,-30,-60,#ERROR,#ERROR,-60,-30,#ERROR,-60,#ERROR,-30,#ERROR,-60,#ERROR,#ERROR,-60,#ERROR,#ERROR
08/04/2020,#ERROR,#ERROR,-30,-30,#ERROR,#ERROR,-120,-30,-30,0,0,#ERROR,0,30,-60,60,0,-30,-90,-60,-60,#ERROR,#ERROR,-30,-60,#ERROR,#ERROR,-120,30,#ERROR,0,#ERROR,30,#ERROR,0,#ERROR,#ERROR,0,#ERROR,#ERROR
09/04/2020,#ERROR,#ERROR,-30,30,#ERROR,#ERROR,-180,-30,-90,-60,-60,#ERROR,60,30,0,120,60,-90,-90,0,-60,#ERROR,#ERROR,-30,-60,#ERROR,#ERROR,-120,-30,#ERROR,-60,#ERROR,-30,#ERROR,-60,#ERROR,#ERROR,60,#ERROR,#ERROR
10/04/2020,#ERROR,#ERROR,30,-30,#ERROR,#ERROR,-120,-30,-90,0,0,#ERROR,-60,30,0,0,-60,-90,-90,-120,-60,#ERROR,#ERROR,-30,0,#ERROR,#ERROR,-60,-30,#ERROR,0,#ERROR,-30,#ERROR,0,#ERROR,#ERROR,-60,#ERROR,#ERROR
11/04/2020,#ERROR,#ERROR,90,-30,#ERROR,#ERROR,-180,-30,-90,60,60,#ERROR,0,90,60,60,-60,-90,-90,-120,-60,#ERROR,#ERROR,-30,60,#ERROR,#ERROR,-120,30,#ERROR,60,#ERROR,30,#ERROR,60,#ERROR,#ERROR,-60,#ERROR,#ERROR
12/04/2020,#ERROR,#ERROR,-30,-30,#ERROR,#ERROR,-180,-90,-90,-60,-60,#ERROR,-120,-30,-60,0,-60,-90,-90,-120,-60,#ERROR,#ERROR,-90,0,#ERROR,#ERROR,-120,-30,#ERROR,-60,#ERROR,-30,#ERROR,-60,#ERROR,#ERROR,-60,#ERROR,#ERROR
13/04/2020,#ERROR,#ERROR,30,30,#ERROR,#ERROR,-60,-30,-30,60,60,#ERROR,0,90,0,60,0,-30,-90,0,-60,#ERROR,#ERROR,-30,0,#ERROR,#ERROR,-60,30,#ERROR,60,#ERROR,30,#ERROR,60,#ERROR,#ERROR,0,#ERROR,#ERROR
14/04/2020,#ERROR,#ERROR,-30,0,#ERROR,#ERROR,-120,-30,-90,-60,-60,#ERROR,0,-30,-60,60,0,-90,-90,-60,-60,#ERROR,#ERROR,-30,-60,#ERROR,#ERROR,-60,-30,#ERROR,-60,#ERROR,-30,#ERROR,-60,#ERROR,#ERROR,-30,#ERROR,#ERROR
15/04/2020,#ERROR,#ERROR,-30,0,#ERROR,#ERROR,-120,-30,-90,-60,-60,#ERROR,-60,-30,-60,60,0,-30,-90,-60,-60,#ERROR,#ERROR,-30,-60,#ERROR,#ERROR,-60,-30,#ERROR,-60,#ERROR,-30,#ERROR,-60,#ERROR,#ERROR,-30,#ERROR,#ERROR
16/04/2020,#ERROR,#ERROR,-30,0,#ERROR,#ERROR,-120,-30,-30,0,-60,#ERROR,-60,-30,-60,120,60,-30,-90,0,-60,#ERROR,#ERROR,-30,0,#ERROR,#ERROR,-60,-30,#ERROR,0,#ERROR,-30,#ERROR,-60,#ERROR,#ERROR,30,#ERROR,#ERROR
17/04/2020,#ERROR,#ERROR,-30,-30,#ERROR,#ERROR,0,-30,-90,-60,-60,#ERROR,-60,-30,-60,-60,0,-90,-90,-120,-60,#ERROR,#ERROR,-30,-60,#ERROR,#ERROR,0,-30,#ERROR,-60,#ERROR,-30,#ERROR,-60,#ERROR,#ERROR,0,#ERROR,#ERROR
18/04/2020,#ERROR,#ERROR,30,-30,#ERROR,#ERROR,-180,-90,-90,60,0,#ERROR,-60,30,0,0,-60,-90,-90,-120,-60,#ERROR,#ERROR,-90,60,#ERROR,#ERROR,-120,-30,#ERROR,0,#ERROR,-30,#ERROR,0,#ERROR,#ERROR,-60,#ERROR,#ERROR
20/04/2020,#ERROR,#ERROR,-30,90,#ERROR,#ERROR,0,210,150,-60,0,#ERROR,0,-30,-60,60,0,150,90,180,180,#ERROR,#ERROR,210,-60,#ERROR,#ERROR,120,-30,#ERROR,0,#ERROR,30,#ERROR,-60,90,30,#ERROR,#ERROR,#ERROR
21/04/2020,#ERROR,#ERROR,-30,-210,#ERROR,#ERROR,-180,-30,-30,-60,-60,#ERROR,-60,30,-60,-60,0,-90,-90,-240,-60,#ERROR,#ERROR,-30,-60,#ERROR,#ERROR,-120,-30,#ERROR,0,#ERROR,-30,#ERROR,-60,-30,-90,#ERROR,#ERROR,#ERROR
22/04/2020,#ERROR,#ERROR,-30,-150,#ERROR,#ERROR,0,-30,-30,-60,-60,#ERROR,0,30,-60,60,0,-30,-90,-180,-60,#ERROR,#ERROR,-30,-60,#ERROR,#ERROR,-60,30,#ERROR,0,#ERROR,30,#ERROR,-60,30,-30,#ERROR,#ERROR,#ERROR
23/04/2020,#ERROR,#ERROR,-30,-210,#ERROR,#ERROR,-180,-30,-90,0,0,#ERROR,-60,-30,-60,-60,-60,-90,-90,-240,-60,#ERROR,#ERROR,-30,0,#ERROR,#ERROR,-120,-30,#ERROR,-60,#ERROR,-30,#ERROR,-60,-30,-90,#ERROR,#ERROR,#ERROR
24/04/2020,#ERROR,#ERROR,-30,-210,#ERROR,#ERROR,-120,-30,-30,-60,0,#ERROR,-60,30,0,0,-60,-30,-90,-240,-60,#ERROR,#ERROR,-30,-60,#ERROR,#ERROR,-60,-30,#ERROR,-60,#ERROR,-30,#ERROR,-60,-30,-90,#ERROR,#ERROR,#ERROR
25/04/2020,#ERROR,#ERROR,-30,90,#ERROR,#ERROR,-180,-30,-90,-60,-60,#ERROR,-60,-30,-60,0,0,-90,-90,60,-60,#ERROR,#ERROR,-90,-60,#ERROR,#ERROR,-120,-30,#ERROR,-60,#ERROR,-30,#ERROR,-60,#ERROR,#ERROR,60,#ERROR,#ERROR
26/04/2020,#ERROR,#ERROR,-30,90,#ERROR,#ERROR,-60,-30,-30,-60,-60,#ERROR,90,-30,-30,120,90,-30,-60,0,0,#ERROR,#ERROR,-30,-60,#ERROR,#ERROR,-30,30,180,-60,#ERROR,30,#ERROR,-60,#ERROR,#ERROR,90,#ERROR,#ERROR
27/04/2020,#ERROR,#ERROR,-30,-90,#ERROR,#ERROR,-180,-30,-90,-60,-60,#ERROR,0,-30,-60,60,0,-90,-90,-120,-60,#ERROR,#ERROR,-30,-60,#ERROR,#ERROR,-120,30,#ERROR,-60,#ERROR,30,#ERROR,-60,-30,-30,#ERROR,#ERROR,#ERROR
28/04/2020,#ERROR,#ERROR,-30,30,#ERROR,#ERROR,"-83,460",#ERROR,#ERROR,-60,-60,#ERROR,0,90,0,60,0,#ERROR,#ERROR,60,60,#ERROR,#ERROR,150,-60,#ERROR,#ERROR,#ERROR,30,#ERROR,60,#ERROR,30,#ERROR,-60,30,30,#ERROR,#ERROR,#ERROR
29/04/2020,#ERROR,#ERROR,90,150,#ERROR,90,60,150,150,120,120,#ERROR,180,270,180,240,240,150,90,180,180,#ERROR,#ERROR,150,0,#ERROR,#ERROR,120,210,#ERROR,120,#ERROR,210,#ERROR,120,210,150,#ERROR,#ERROR,#ERROR
30/04/2020,#ERROR,#ERROR,90,30,#ERROR,90,-120,30,-30,60,60,#ERROR,60,90,60,120,0,-30,-30,0,0,#ERROR,#ERROR,-30,0,#ERROR,#ERROR,-60,90,#ERROR,60,#ERROR,90,#ERROR,60,30,30,#ERROR,#ERROR,#ERROR
01/05/2020,#ERROR,#ERROR,-30,-30,#ERROR,#ERROR,-120,-30,-30,-60,0,#ERROR,0,30,0,60,0,-30,-30,0,0,#ERROR,#ERROR,-30,-60,#ERROR,#ERROR,-60,30,#ERROR,0,#ERROR,30,#ERROR,-60,-30,-30,#ERROR,#ERROR,#ERROR
02/05/2020,#ERROR,#ERROR,150,210,#ERROR,30,-120,-30,-30,180,180,#ERROR,60,210,120,120,60,-30,-30,120,0,#ERROR,#ERROR,-30,-60,#ERROR,#ERROR,-60,90,#ERROR,180,#ERROR,90,#ERROR,180,#ERROR,#ERROR,120,#ERROR,#ERROR
03/05/2020,#ERROR,#ERROR,330,450,#ERROR,#ERROR,240,390,390,360,300,#ERROR,330,330,330,390,360,330,330,420,420,#ERROR,#ERROR,390,0,#ERROR,#ERROR,300,360,#ERROR,300,#ERROR,360,#ERROR,300,#ERROR,#ERROR,360,#ERROR,#ERROR
04/05/2020,#ERROR,#ERROR,-30,-30,#ERROR,#ERROR,-180,-30,-30,0,0,#ERROR,-60,30,0,0,0,-90,-90,0,-60,#ERROR,#ERROR,-30,0,#ERROR,#ERROR,-120,-30,#ERROR,0,#ERROR,-30,#ERROR,-60,-30,-30,#ERROR,#ERROR,#ERROR
05/05/2020,#ERROR,#ERROR,-30,-30,#ERROR,#ERROR,-180,-30,-30,-60,0,#ERROR,-60,30,0,0,-60,-30,-90,-60,-60,#ERROR,#ERROR,-30,-60,#ERROR,#ERROR,-120,-30,#ERROR,0,#ERROR,-30,#ERROR,-60,-30,-30,#ERROR,#ERROR,#ERROR
06/05/2020,#ERROR,#ERROR,30,90,#ERROR,#ERROR,0,150,90,-60,-60,#ERROR,-60,30,0,0,-60,90,90,180,180,#ERROR,#ERROR,150,-60,#ERROR,#ERROR,60,-30,#ERROR,0,#ERROR,-30,#ERROR,0,-30,-90,#ERROR,#ERROR,#ERROR
07/05/2020,#ERROR,#ERROR,-30,30,#ERROR,#ERROR,-120,-30,-30,-60,-60,#ERROR,60,-30,-60,120,60,-30,-30,0,0,#ERROR,#ERROR,-30,-60,#ERROR,#ERROR,-60,30,#ERROR,-60,#ERROR,30,#ERROR,-60,30,30,#ERROR,#ERROR,#ERROR
08/05/2020,#ERROR,#ERROR,-30,-90,#ERROR,#ERROR,-180,-90,-90,0,0,#ERROR,-120,-30,-60,-60,-60,-90,-90,-60,-60,#ERROR,#ERROR,-90,0,#ERROR,#ERROR,-60,-30,#ERROR,-60,#ERROR,-30,#ERROR,-60,-30,-30,#ERROR,#ERROR,#ERROR
11/05/2020,#ERROR,#ERROR,-30,-30,#ERROR,#ERROR,-60,-30,-30,-60,-60,#ERROR,-60,-30,-60,0,-60,-90,-90,-60,-60,#ERROR,#ERROR,-30,0,#ERROR,#ERROR,-60,-30,#ERROR,-60,#ERROR,-30,#ERROR,-60,-30,-30,#ERROR,#ERROR,#ERROR
12/05/2020,#ERROR,#ERROR,-30,30,#ERROR,#ERROR,-60,-30,-30,-60,-60,#ERROR,0,30,0,120,0,-30,-90,0,0,#ERROR,#ERROR,-30,-60,#ERROR,#ERROR,-60,30,#ERROR,0,#ERROR,30,#ERROR,-60,30,30,#ERROR,#ERROR,#ERROR
13/05/2020,#ERROR,#ERROR,-30,-30,#ERROR,#ERROR,-120,-30,-30,-60,-60,#ERROR,-60,-30,-60,0,0,-30,-90,-60,-60,#ERROR,#ERROR,-30,-60,#ERROR,#ERROR,-60,-30,#ERROR,0,#ERROR,-30,#ERROR,-60,-30,-30,#ERROR,#ERROR,#ERROR
14/05/2020,#ERROR,#ERROR,30,150,#ERROR,#ERROR,-60,90,30,60,60,#ERROR,240,30,0,240,180,30,30,120,120,#ERROR,#ERROR,90,180,#ERROR,#ERROR,0,90,#ERROR,60,#ERROR,210,#ERROR,60,150,150,#ERROR,#ERROR,#ERROR
15/05/2020,#ERROR,#ERROR,-30,150,#ERROR,#ERROR,60,150,150,-60,0,#ERROR,60,150,120,180,60,150,90,180,180,#ERROR,#ERROR,150,0,#ERROR,#ERROR,120,90,#ERROR,0,#ERROR,90,#ERROR,-60,90,90,#ERROR,#ERROR,#ERROR
16/05/2020,#ERROR,#ERROR,-30,210,#ERROR,#ERROR,60,30,30,-60,0,#ERROR,120,90,60,180,120,30,-30,180,0,#ERROR,#ERROR,30,0,#ERROR,#ERROR,0,90,#ERROR,0,#ERROR,90,#ERROR,0,#ERROR,#ERROR,120,#ERROR,#ERROR
17/05/2020,#ERROR,#ERROR,-30,240,#ERROR,#ERROR,300,240,210,-60,-60,#ERROR,0,0,0,60,-60,210,240,210,210,#ERROR,#ERROR,240,-60,#ERROR,#ERROR,210,30,#ERROR,0,#ERROR,30,#ERROR,-60,180,240,#ERROR,#ERROR,#ERROR
18/05/2020,#ERROR,#ERROR,-30,60,#ERROR,#ERROR,-120,#ERROR,0,-60,-60,#ERROR,-150,-30,-30,-90,-30,0,-30,0,0,#ERROR,#ERROR,30,-60,#ERROR,#ERROR,-60,-60,#ERROR,-60,#ERROR,-60,#ERROR,-60,#ERROR,#ERROR,-30,#ERROR,#ERROR
19/05/2020,#ERROR,#ERROR,-30,660,#ERROR,#ERROR,600,570,600,-60,0,#ERROR,510,30,30,630,570,600,570,660,540,#ERROR,#ERROR,570,-60,#ERROR,#ERROR,600,240,#ERROR,0,#ERROR,300,#ERROR,-60,#ERROR,#ERROR,570,#ERROR,#ERROR
20/05/2020,#ERROR,#ERROR,-30,60,#ERROR,#ERROR,360,30,0,-60,-60,#ERROR,-90,30,-30,-30,-90,0,-30,60,0,#ERROR,#ERROR,30,-60,#ERROR,#ERROR,0,-60,#ERROR,-60,#ERROR,-60,#ERROR,-60,#ERROR,#ERROR,30,#ERROR,#ERROR
21/05/2020,#ERROR,#ERROR,-30,120,#ERROR,#ERROR,180,30,0,-60,-60,#ERROR,-90,-30,-30,-30,-30,0,30,240,0,#ERROR,#ERROR,30,-60,#ERROR,#ERROR,0,-60,#ERROR,-60,#ERROR,-60,#ERROR,-60,#ERROR,#ERROR,90,#ERROR,#ERROR
22/05/2020,#ERROR,#ERROR,-30,120,#ERROR,#ERROR,0,30,60,-60,0,#ERROR,-90,-30,-30,-30,-30,0,30,60,0,#ERROR,#ERROR,30,-60,#ERROR,#ERROR,0,-60,#ERROR,-60,#ERROR,-60,#ERROR,-60,#ERROR,#ERROR,30,#ERROR,#ERROR
23/05/2020,#ERROR,#ERROR,-30,180,#ERROR,#ERROR,60,60,30,-60,-60,#ERROR,90,-30,-30,150,90,30,60,240,-30,#ERROR,#ERROR,60,-60,#ERROR,#ERROR,30,0,#ERROR,-60,#ERROR,60,#ERROR,-60,#ERROR,#ERROR,90,#ERROR,#ERROR
24/05/2020,#ERROR,#ERROR,-30,30,#ERROR,#ERROR,-60,30,0,-60,-60,#ERROR,-30,-30,-30,0,60,0,30,0,0,#ERROR,#ERROR,-30,-60,#ERROR,#ERROR,0,0,#ERROR,-60,#ERROR,0,#ERROR,-60,30,30,#ERROR,#ERROR,#ERROR
25/05/2020,#ERROR,#ERROR,-30,360,#ERROR,#ERROR,480,450,480,-60,-60,#ERROR,270,-30,-30,330,270,480,450,600,360,#ERROR,#ERROR,450,-60,#ERROR,#ERROR,480,-60,#ERROR,-60,#ERROR,-60,#ERROR,-60,#ERROR,#ERROR,270,#ERROR,#ERROR
26/05/2020,#ERROR,#ERROR,-30,120,#ERROR,#ERROR,300,330,360,-60,-60,#ERROR,-90,-30,-30,-30,-30,360,330,180,240,#ERROR,#ERROR,330,-60,#ERROR,#ERROR,300,-60,#ERROR,-60,#ERROR,-60,#ERROR,-60,#ERROR,#ERROR,30,#ERROR,#ERROR
27/05/2020,#ERROR,#ERROR,-30,300,#ERROR,#ERROR,0,30,60,-60,-60,#ERROR,-90,30,-30,30,30,60,30,420,0,#ERROR,#ERROR,30,-60,#ERROR,#ERROR,0,0,#ERROR,-60,#ERROR,0,#ERROR,-60,#ERROR,#ERROR,210,#ERROR,#ERROR
28/05/2020,#ERROR,#ERROR,-30,240,#ERROR,#ERROR,480,330,360,-60,-60,#ERROR,-90,-30,-30,90,30,360,390,420,240,#ERROR,#ERROR,330,-60,#ERROR,#ERROR,360,-60,#ERROR,-60,#ERROR,-60,#ERROR,-60,#ERROR,#ERROR,150,#ERROR,#ERROR
29/05/2020,#ERROR,#ERROR,-30,180,#ERROR,#ERROR,60,90,60,-60,-60,#ERROR,-90,30,-30,-30,-30,60,90,180,60,#ERROR,#ERROR,90,-60,#ERROR,#ERROR,60,-60,#ERROR,-60,#ERROR,-60,#ERROR,-60,#ERROR,#ERROR,90,#ERROR,#ERROR
30/05/2020,#ERROR,#ERROR,-30,60,#ERROR,#ERROR,60,0,30,-60,-60,#ERROR,30,90,90,30,-30,30,60,60,30,#ERROR,#ERROR,0,0,#ERROR,#ERROR,30,60,#ERROR,60,#ERROR,60,#ERROR,-60,#ERROR,#ERROR,-30,#ERROR,#ERROR
31/05/2020,#ERROR,#ERROR,-30,30,#ERROR,#ERROR,-60,30,0,-120,-60,#ERROR,150,90,90,180,60,0,-30,0,0,#ERROR,#ERROR,30,-60,#ERROR,#ERROR,0,180,#ERROR,0,#ERROR,180,#ERROR,-60,30,30,#ERROR,#ERROR,#ERROR
01/06/2020,#ERROR,#ERROR,-30,180,#ERROR,#ERROR,0,-30,0,-60,-60,#ERROR,-90,-30,-30,-30,-30,0,30,120,0,#ERROR,#ERROR,-30,-60,#ERROR,#ERROR,0,-60,#ERROR,-60,#ERROR,-60,#ERROR,-60,#ERROR,#ERROR,90,#ERROR,#ERROR
02/06/2020,#ERROR,#ERROR,-30,240,#ERROR,#ERROR,180,210,180,-60,-60,#ERROR,-30,30,30,90,30,180,210,420,180,#ERROR,#ERROR,210,-60,#ERROR,#ERROR,180,0,#ERROR,0,#ERROR,0,#ERROR,-60,#ERROR,#ERROR,210,#ERROR,#ERROR
03/06/2020,#ERROR,#ERROR,-30,120,#ERROR,#ERROR,120,90,#ERROR,-60,0,#ERROR,30,30,30,90,30,#ERROR,#ERROR,300,#ERROR,#ERROR,#ERROR,90,-60,#ERROR,#ERROR,#ERROR,0,#ERROR,0,#ERROR,0,#ERROR,0,#ERROR,#ERROR,30,#ERROR,#ERROR
04/06/2020,#ERROR,#ERROR,-30,120,#ERROR,#ERROR,180,90,120,-60,-60,#ERROR,-150,-30,-30,-90,-90,60,90,300,60,#ERROR,#ERROR,90,-60,#ERROR,#ERROR,60,-60,#ERROR,-60,#ERROR,-60,#ERROR,-60,#ERROR,#ERROR,30,#ERROR,#ERROR
05/06/2020,#ERROR,#ERROR,-30,180,#ERROR,#ERROR,0,90,60,-60,-60,#ERROR,-90,-30,-30,-90,-30,60,90,180,0,#ERROR,#ERROR,30,-60,#ERROR,#ERROR,60,-60,#ERROR,-60,#ERROR,-60,#ERROR,-60,#ERROR,#ERROR,90,#ERROR,#ERROR
06/06/2020,#ERROR,#ERROR,-30,240,#ERROR,#ERROR,-60,-60,-90,-60,0,#ERROR,30,-30,90,150,90,-90,-60,240,-90,#ERROR,#ERROR,-120,-60,#ERROR,#ERROR,-90,60,#ERROR,0,#ERROR,60,#ERROR,-60,#ERROR,#ERROR,150,#ERROR,#ERROR
07/06/2020,#ERROR,#ERROR,-30,-30,#ERROR,#ERROR,-60,-30,0,0,0,#ERROR,-30,-30,-30,0,-60,0,30,0,-60,#ERROR,#ERROR,-30,0,#ERROR,#ERROR,0,0,#ERROR,0,#ERROR,0,#ERROR,0,-30,-30,#ERROR,#ERROR,#ERROR
08/06/2020,#ERROR,#ERROR,30,240,#ERROR,#ERROR,180,150,180,0,0,#ERROR,90,90,30,150,90,180,210,240,60,#ERROR,#ERROR,150,60,#ERROR,#ERROR,180,60,#ERROR,0,#ERROR,60,#ERROR,0,#ERROR,#ERROR,150,#ERROR,#ERROR
09/06/2020,#ERROR,#ERROR,-30,120,#ERROR,#ERROR,60,30,60,-60,-60,#ERROR,-30,30,30,30,-30,60,90,120,0,#ERROR,#ERROR,30,-60,#ERROR,#ERROR,60,0,#ERROR,0,#ERROR,0,#ERROR,-60,#ERROR,#ERROR,30,#ERROR,#ERROR
10/06/2020,#ERROR,#ERROR,-30,120,#ERROR,#ERROR,60,30,60,-60,-60,#ERROR,-90,-30,-30,-30,-90,60,30,120,0,#ERROR,#ERROR,30,-60,#ERROR,#ERROR,60,-60,#ERROR,-60,#ERROR,-60,#ERROR,-60,#ERROR,#ERROR,30,#ERROR,#ERROR
11/06/2020,#ERROR,#ERROR,-30,60,#ERROR,#ERROR,-60,30,60,-60,-60,#ERROR,-90,-30,-30,-30,-90,60,30,240,60,#ERROR,#ERROR,30,-60,#ERROR,#ERROR,0,-60,#ERROR,-60,#ERROR,-60,#ERROR,-60,#ERROR,#ERROR,-30,#ERROR,#ERROR
12/06/2020,#ERROR,#ERROR,-30,60,#ERROR,#ERROR,0,30,60,-60,0,#ERROR,-90,-30,-30,-30,-90,60,30,60,0,#ERROR,#ERROR,30,0,#ERROR,#ERROR,60,-60,#ERROR,-60,#ERROR,-60,#ERROR,-60,#ERROR,#ERROR,-30,#ERROR,#ERROR
13/06/2020,#ERROR,#ERROR,-30,120,#ERROR,#ERROR,120,180,150,-60,0,#ERROR,90,30,-30,90,30,150,120,120,90,#ERROR,#ERROR,120,0,#ERROR,#ERROR,150,120,#ERROR,0,#ERROR,120,#ERROR,0,#ERROR,#ERROR,30,#ERROR,#ERROR
14/06/2020,#ERROR,#ERROR,-30,-30,#ERROR,#ERROR,0,-30,0,-60,0,#ERROR,-30,30,30,0,0,0,-30,-60,-60,#ERROR,#ERROR,-30,-60,#ERROR,#ERROR,0,60,#ERROR,0,#ERROR,60,#ERROR,0,-30,-30,#ERROR,#ERROR,#ERROR
15/06/2020,#ERROR,#ERROR,-30,120,#ERROR,#ERROR,0,90,60,-60,0,#ERROR,-30,-30,-30,-30,-30,60,90,300,60,#ERROR,#ERROR,30,-60,#ERROR,#ERROR,60,0,#ERROR,-60,#ERROR,0,#ERROR,-60,#ERROR,#ERROR,90,#ERROR,#ERROR
16/06/2020,#ERROR,#ERROR,-30,60,#ERROR,#ERROR,0,30,60,-60,0,#ERROR,-30,30,-30,30,-30,60,30,60,60,#ERROR,#ERROR,30,0,#ERROR,#ERROR,60,0,#ERROR,0,#ERROR,0,#ERROR,0,#ERROR,#ERROR,-30,#ERROR,#ERROR
17/06/2020,#ERROR,#ERROR,-30,120,#ERROR,#ERROR,-60,-30,0,-60,-60,#ERROR,-30,30,30,-30,-30,0,-30,120,0,#ERROR,#ERROR,-30,-60,#ERROR,#ERROR,-60,0,#ERROR,-60,#ERROR,0,#ERROR,-60,#ERROR,#ERROR,30,#ERROR,#ERROR
18/06/2020,#ERROR,#ERROR,-30,240,#ERROR,#ERROR,-120,-30,0,-60,-60,#ERROR,-90,-30,-90,90,30,-60,-30,180,-60,#ERROR,#ERROR,-30,-60,#ERROR,#ERROR,-60,-60,#ERROR,-60,#ERROR,-60,#ERROR,-60,#ERROR,#ERROR,210,#ERROR,#ERROR
19/06/2020,#ERROR,#ERROR,-30,120,#ERROR,#ERROR,60,90,60,-60,-60,#ERROR,-90,30,30,-30,-30,60,30,180,60,#ERROR,#ERROR,90,-60,#ERROR,#ERROR,60,0,#ERROR,-60,#ERROR,0,#ERROR,-60,#ERROR,#ERROR,90,#ERROR,#ERROR
20/06/2020,#ERROR,#ERROR,-30,120,#ERROR,#ERROR,-60,-60,-30,-60,0,#ERROR,-30,30,30,30,-30,-90,-60,180,-90,#ERROR,#ERROR,-60,-60,#ERROR,#ERROR,-30,0,#ERROR,0,#ERROR,0,#ERROR,0,#ERROR,#ERROR,30,#ERROR,#ERROR
21/06/2020,#ERROR,#ERROR,-30,-90,#ERROR,#ERROR,-60,-30,0,-60,-60,#ERROR,-30,30,30,-60,-60,0,-30,-60,-60,#ERROR,#ERROR,-30,-60,#ERROR,#ERROR,0,0,#ERROR,-60,#ERROR,0,#ERROR,-60,-30,-30,#ERROR,#ERROR,#ERROR
22/06/2020,#ERROR,#ERROR,-30,120,#ERROR,#ERROR,60,30,60,-60,0,#ERROR,-30,30,30,-30,-30,60,90,240,60,#ERROR,#ERROR,30,-60,#ERROR,#ERROR,60,0,#ERROR,0,#ERROR,0,#ERROR,-60,#ERROR,#ERROR,30,#ERROR,#ERROR
23/06/2020,#ERROR,#ERROR,-30,120,#ERROR,#ERROR,60,90,60,0,0,#ERROR,-30,30,30,-30,-30,60,90,120,0,#ERROR,#ERROR,30,0,#ERROR,#ERROR,60,0,#ERROR,0,#ERROR,0,#ERROR,-60,#ERROR,#ERROR,30,#ERROR,#ERROR
24/06/2020,#ERROR,#ERROR,-30,120,#ERROR,#ERROR,120,30,60,-60,-60,#ERROR,-90,-30,-30,-30,-90,60,90,120,0,#ERROR,#ERROR,30,-60,#ERROR,#ERROR,120,-60,#ERROR,-60,#ERROR,-60,#ERROR,-60,#ERROR,#ERROR,30,#ERROR,#ERROR
25/06/2020,#ERROR,#ERROR,-30,540,#ERROR,#ERROR,600,630,660,-60,-60,#ERROR,-30,-30,-30,270,210,660,630,660,600,#ERROR,#ERROR,630,-60,#ERROR,#ERROR,660,-60,#ERROR,-60,#ERROR,-60,#ERROR,-60,#ERROR,#ERROR,450,#ERROR,#ERROR
26/06/2020,#ERROR,#ERROR,-30,120,#ERROR,#ERROR,0,30,0,0,-60,#ERROR,-90,-30,-30,-90,-90,0,30,300,0,#ERROR,#ERROR,30,0,#ERROR,#ERROR,0,-60,#ERROR,-60,#ERROR,-60,#ERROR,-60,#ERROR,#ERROR,30,#ERROR,#ERROR
27/06/2020,#ERROR,#ERROR,-30,0,#ERROR,#ERROR,-60,-60,-90,0,0,#ERROR,-90,-30,-30,-30,-90,-90,-60,60,-90,#ERROR,#ERROR,-60,0,#ERROR,#ERROR,-30,-60,#ERROR,-60,#ERROR,-60,#ERROR,-60,#ERROR,#ERROR,-30,#ERROR,#ERROR
28/06/2020,#ERROR,#ERROR,-30,30,#ERROR,#ERROR,0,30,60,-60,0,#ERROR,-30,-30,-30,-60,-60,60,30,0,0,#ERROR,#ERROR,30,-60,#ERROR,#ERROR,60,0,#ERROR,0,#ERROR,0,#ERROR,0,-30,-30,#ERROR,#ERROR,#ERROR
29/06/2020,#ERROR,#ERROR,-30,60,#ERROR,#ERROR,60,150,180,-60,-60,#ERROR,-90,-30,-30,-90,-30,180,150,0,180,#ERROR,#ERROR,150,0,#ERROR,#ERROR,120,-60,#ERROR,-60,#ERROR,-60,#ERROR,-60,#ERROR,#ERROR,-30,#ERROR,#ERROR
30/06/2020,#ERROR,#ERROR,-30,60,#ERROR,#ERROR,0,30,60,-120,0,#ERROR,-30,-30,-30,-30,-90,60,30,60,0,#ERROR,#ERROR,30,-60,#ERROR,#ERROR,0,0,#ERROR,-60,#ERROR,0,#ERROR,-60,#ERROR,#ERROR,-30,#ERROR,#ERROR
01/07/2020,#ERROR,#ERROR,-30,60,#ERROR,#ERROR,-60,30,0,-60,-60,#ERROR,-90,-30,-30,-90,-90,0,30,60,0,#ERROR,#ERROR,30,-60,#ERROR,#ERROR,0,-60,#ERROR,-60,#ERROR,-60,#ERROR,-60,#ERROR,#ERROR,-30,#ERROR,#ERROR
02/07/2020,#ERROR,#ERROR,-30,60,#ERROR,#ERROR,60,90,120,-60,-60,#ERROR,-30,30,30,-30,-30,120,150,60,60,#ERROR,#ERROR,90,-60,#ERROR,#ERROR,120,0,#ERROR,0,#ERROR,0,#ERROR,-60,#ERROR,#ERROR,-30,#ERROR,#ERROR
03/07/2020,#ERROR,#ERROR,-30,60,#ERROR,#ERROR,120,90,120,-60,0,#ERROR,-90,-30,-30,-90,-90,120,90,120,60,#ERROR,#ERROR,90,-60,#ERROR,#ERROR,120,-60,#ERROR,-60,#ERROR,-60,#ERROR,-60,#ERROR,#ERROR,-30,#ERROR,#ERROR
04/07/2020,#ERROR,#ERROR,-30,60,#ERROR,#ERROR,180,120,150,-60,-60,#ERROR,-90,-30,-30,-90,-90,150,180,60,150,#ERROR,#ERROR,120,-60,#ERROR,#ERROR,150,-60,#ERROR,-60,#ERROR,-60,#ERROR,-60,#ERROR,#ERROR,-30,#ERROR,#ERROR
05/07/2020,#ERROR,#ERROR,-30,-90,#ERROR,#ERROR,-60,-30,0,-60,-60,#ERROR,90,-30,150,60,-60,-60,-30,0,0,-30,-90,-30,-60,#ERROR,#ERROR,0,120,#ERROR,-60,#ERROR,120,#ERROR,-60,-30,-30,#ERROR,#ERROR,#ERROR
06/07/2020,#ERROR,#ERROR,-30,60,#ERROR,#ERROR,120,150,180,-60,-60,#ERROR,-90,-30,-30,-90,-30,180,210,180,180,#ERROR,#ERROR,150,-60,#ERROR,#ERROR,180,0,#ERROR,0,#ERROR,0,#ERROR,-60,#ERROR,#ERROR,-30,#ERROR,#ERROR
07/07/2020,#ERROR,#ERROR,-30,300,#ERROR,#ERROR,480,510,540,-60,0,#ERROR,30,90,90,210,150,540,510,480,420,#ERROR,#ERROR,510,-60,#ERROR,#ERROR,540,120,#ERROR,0,#ERROR,120,#ERROR,0,#ERROR,#ERROR,210,#ERROR,#ERROR
08/07/2020,#ERROR,#ERROR,-30,240,#ERROR,#ERROR,240,330,300,-60,-60,#ERROR,-90,-30,-30,30,-30,300,270,540,240,#ERROR,#ERROR,330,-60,#ERROR,#ERROR,300,-60,#ERROR,-60,#ERROR,-60,#ERROR,-60,#ERROR,#ERROR,90,#ERROR,#ERROR
09/07/2020,#ERROR,#ERROR,-30,300,#ERROR,#ERROR,420,330,300,-60,-60,#ERROR,-30,30,-30,90,30,300,330,480,240,#ERROR,#ERROR,270,-60,#ERROR,#ERROR,360,0,#ERROR,0,#ERROR,0,#ERROR,-60,#ERROR,#ERROR,210,#ERROR,#ERROR
10/07/2020,#ERROR,#ERROR,-30,60,#ERROR,#ERROR,60,-30,0,-60,0,#ERROR,-90,-30,-30,30,-30,0,-30,0,0,#ERROR,#ERROR,-30,-60,#ERROR,#ERROR,0,-60,#ERROR,0,#ERROR,-60,#ERROR,-60,#ERROR,#ERROR,-30,#ERROR,#ERROR
11/07/2020,#ERROR,#ERROR,-30,60,#ERROR,#ERROR,-60,-60,-30,-60,-60,#ERROR,-90,-30,-30,30,-90,-30,-60,60,-30,#ERROR,#ERROR,-60,-60,#ERROR,#ERROR,-30,-60,#ERROR,-60,#ERROR,-60,#ERROR,-60,#ERROR,#ERROR,-30,#ERROR,#ERROR
12/07/2020,#ERROR,#ERROR,-30,330,#ERROR,#ERROR,420,270,300,-60,0,#ERROR,240,90,30,330,300,300,330,300,300,#ERROR,#ERROR,270,-60,#ERROR,#ERROR,300,90,#ERROR,60,30,150,#ERROR,0,270,270,#ERROR,30,#ERROR
13/07/2020,#ERROR,#ERROR,-30,180,#ERROR,#ERROR,60,150,180,-60,0,#ERROR,-90,-30,-30,30,-30,180,150,180,180,#ERROR,#ERROR,150,0,#ERROR,#ERROR,120,-60,#ERROR,-60,#ERROR,-60,#ERROR,-60,#ERROR,#ERROR,90,#ERROR,#ERROR
14/07/2020,#ERROR,#ERROR,-30,840,#ERROR,#ERROR,"1,080","1,050","1,080",-60,-60,#ERROR,450,30,30,690,690,"1,080","1,050","1,200",840,#ERROR,#ERROR,990,-60,#ERROR,#ERROR,"1,080",240,#ERROR,0,#ERROR,360,#ERROR,-60,#ERROR,#ERROR,750,#ERROR,#ERROR
15/07/2020,#ERROR,#ERROR,-30,120,#ERROR,#ERROR,180,270,240,-60,-60,#ERROR,-30,-30,30,90,30,240,210,180,120,#ERROR,#ERROR,210,-60,#ERROR,#ERROR,240,0,#ERROR,-60,#ERROR,0,#ERROR,-60,#ERROR,#ERROR,30,#ERROR,#ERROR
16/07/2020,#ERROR,#ERROR,-30,120,#ERROR,#ERROR,120,150,120,-60,-60,#ERROR,-30,30,-30,30,-30,120,150,120,120,#ERROR,#ERROR,150,0,#ERROR,#ERROR,120,0,#ERROR,-60,#ERROR,0,#ERROR,-60,#ERROR,#ERROR,30,#ERROR,#ERROR
17/07/2020,#ERROR,#ERROR,-30,60,#ERROR,#ERROR,120,210,240,-60,0,#ERROR,-90,-30,-30,30,-30,180,210,60,120,#ERROR,#ERROR,210,0,#ERROR,#ERROR,180,-60,#ERROR,-60,#ERROR,-60,#ERROR,-60,#ERROR,#ERROR,-30,#ERROR,#ERROR
18/07/2020,#ERROR,#ERROR,-30,120,#ERROR,#ERROR,60,120,150,-60,0,#ERROR,-90,-30,-30,30,30,150,120,300,150,#ERROR,#ERROR,120,-60,#ERROR,#ERROR,90,-60,#ERROR,-60,#ERROR,-60,#ERROR,-60,#ERROR,#ERROR,30,#ERROR,#ERROR
19/07/2020,#ERROR,#ERROR,-120,60,-60,-30,30,-30,0,-120,-60,#ERROR,0,-240,-60,120,90,-30,0,-60,-60,#ERROR,#ERROR,-30,0,#ERROR,#ERROR,30,-90,#ERROR,-30,-90,-30,-90,-120,60,60,#ERROR,-120,#ERROR
20/07/2020,#ERROR,#ERROR,-30,60,#ERROR,#ERROR,120,150,120,-60,-60,#ERROR,-90,-30,-30,30,-30,120,150,360,180,#ERROR,#ERROR,150,0,#ERROR,#ERROR,120,-60,#ERROR,-60,#ERROR,-60,#ERROR,-60,#ERROR,#ERROR,30,#ERROR,#ERROR
22/07/2020,#ERROR,#ERROR,-30,60,#ERROR,#ERROR,180,210,180,-60,-60,#ERROR,-90,-30,-30,30,-30,180,210,420,180,#ERROR,#ERROR,210,-60,#ERROR,#ERROR,180,-60,#ERROR,-60,#ERROR,-60,#ERROR,-60,#ERROR,#ERROR,30,#ERROR,#ERROR
23/07/2020,#ERROR,#ERROR,-30,60,#ERROR,#ERROR,0,-30,-60,-60,0,#ERROR,-30,-30,-30,30,-30,-60,-30,120,-60,#ERROR,#ERROR,-30,-60,#ERROR,#ERROR,-60,-60,#ERROR,-60,#ERROR,-60,#ERROR,-60,#ERROR,#ERROR,30,#ERROR,#ERROR
24/07/2020,#ERROR,#ERROR,-30,0,#ERROR,#ERROR,0,30,60,-60,-60,#ERROR,-90,-30,-30,-30,-90,60,30,0,60,#ERROR,#ERROR,30,0,#ERROR,#ERROR,0,-60,#ERROR,-60,#ERROR,-60,#ERROR,-60,#ERROR,#ERROR,-30,#ERROR,#ERROR
25/07/2020,#ERROR,#ERROR,-30,180,#ERROR,#ERROR,60,60,90,-60,0,#ERROR,30,30,30,150,90,90,60,120,-30,#ERROR,#ERROR,60,-60,#ERROR,#ERROR,30,0,#ERROR,0,#ERROR,0,#ERROR,-60,#ERROR,#ERROR,90,#ERROR,#ERROR
26/07/2020,#ERROR,#ERROR,-30,-30,#ERROR,#ERROR,0,-30,0,-60,-60,#ERROR,-60,-30,30,-120,-90,0,30,0,-60,#ERROR,#ERROR,-30,-60,#ERROR,#ERROR,0,180,-60,-60,#ERROR,180,#ERROR,-60,30,30,#ERROR,#ERROR,#ERROR
28/07/2020,#ERROR,#ERROR,-30,120,#ERROR,#ERROR,0,30,0,-120,-60,#ERROR,-90,-30,-30,-90,-30,0,30,60,0,#ERROR,#ERROR,30,-60,#ERROR,#ERROR,0,-60,#ERROR,-60,#ERROR,-60,#ERROR,-60,#ERROR,#ERROR,30,#ERROR,#ERROR
29/07/2020,#ERROR,#ERROR,-30,60,#ERROR,#ERROR,0,30,60,-60,-60,#ERROR,-90,-30,-30,-30,-30,60,30,120,0,#ERROR,#ERROR,30,-60,#ERROR,#ERROR,60,-60,#ERROR,-60,#ERROR,-60,#ERROR,-60,#ERROR,#ERROR,30,#ERROR,#ERROR
30/07/2020,#ERROR,#ERROR,-30,120,#ERROR,#ERROR,60,30,60,-60,0,#ERROR,30,90,90,30,-30,60,30,120,60,#ERROR,#ERROR,30,0,#ERROR,#ERROR,60,60,#ERROR,0,#ERROR,60,#ERROR,-60,#ERROR,#ERROR,30,#ERROR,#ERROR
31/07/2020,#ERROR,#ERROR,-30,120,#ERROR,#ERROR,0,90,60,-60,0,#ERROR,30,90,90,90,30,60,90,60,60,#ERROR,#ERROR,90,-60,#ERROR,#ERROR,60,60,#ERROR,0,#ERROR,60,#ERROR,-60,#ERROR,#ERROR,30,#ERROR,#ERROR
01/08/2020,#ERROR,#ERROR,-30,120,#ERROR,#ERROR,-60,-60,-90,-60,-60,#ERROR,-30,30,30,30,-30,-90,-60,120,-90,#ERROR,#ERROR,-60,-60,#ERROR,#ERROR,-30,0,#ERROR,0,#ERROR,0,#ERROR,-60,#ERROR,#ERROR,30,#ERROR,#ERROR
02/08/2020,#ERROR,#ERROR,-30,-30,#ERROR,#ERROR,0,-30,0,-60,-60,#ERROR,30,30,30,60,0,0,-30,0,0,#ERROR,#ERROR,-30,-60,#ERROR,#ERROR,0,60,#ERROR,0,#ERROR,60,#ERROR,0,30,-30,#ERROR,#ERROR,#ERROR
03/08/2020,#ERROR,#ERROR,-30,120,#ERROR,#ERROR,0,30,0,-60,0,#ERROR,-90,-30,-30,30,-30,0,30,120,0,#ERROR,#ERROR,30,0,#ERROR,#ERROR,0,0,#ERROR,-60,#ERROR,0,#ERROR,-60,#ERROR,#ERROR,30,#ERROR,#ERROR
04/08/2020,#ERROR,#ERROR,-30,60,#ERROR,#ERROR,120,90,60,-60,-60,#ERROR,-90,-30,-30,-30,-90,60,90,240,0,#ERROR,#ERROR,90,0,#ERROR,#ERROR,120,-60,#ERROR,-60,#ERROR,-60,#ERROR,-60,#ERROR,#ERROR,30,#ERROR,#ERROR
05/08/2020,#ERROR,#ERROR,-30,180,#ERROR,#ERROR,300,330,360,0,0,#ERROR,30,30,30,90,90,360,330,360,300,#ERROR,#ERROR,330,0,#ERROR,#ERROR,360,0,#ERROR,0,#ERROR,60,#ERROR,-60,#ERROR,#ERROR,90,#ERROR,#ERROR
06/08/2020,#ERROR,#ERROR,210,360,#ERROR,#ERROR,300,330,360,180,180,#ERROR,210,270,270,330,270,360,330,600,360,#ERROR,#ERROR,330,0,#ERROR,#ERROR,300,240,#ERROR,180,#ERROR,240,#ERROR,180,#ERROR,#ERROR,330,#ERROR,#ERROR
07/08/2020,#ERROR,#ERROR,#ERROR,60,#ERROR,#ERROR,0,90,120,#ERROR,#ERROR,#ERROR,-90,#ERROR,-90,-30,-30,60,90,180,0,#ERROR,#ERROR,90,#ERROR,#ERROR,#ERROR,60,-60,#ERROR,#ERROR,#ERROR,-60,#ERROR,#ERROR,#ERROR,#ERROR,30,#ERROR,#ERROR
08/08/2020,#ERROR,#ERROR,810,"1,080",#ERROR,750,720,600,630,780,780,#ERROR,930,990,990,"1,050",990,630,600,"1,080",570,#ERROR,#ERROR,600,660,#ERROR,#ERROR,630,960,#ERROR,780,#ERROR,960,#ERROR,780,#ERROR,#ERROR,990,#ERROR,#ERROR
09/08/2020,#ERROR,#ERROR,30,90,#ERROR,#ERROR,0,90,60,0,0,#ERROR,150,210,210,180,60,60,90,60,60,#ERROR,#ERROR,30,-60,#ERROR,#ERROR,60,180,#ERROR,0,#ERROR,180,#ERROR,0,90,90,#ERROR,#ERROR,#ERROR
10/08/2020,#ERROR,#ERROR,30,60,#ERROR,#ERROR,60,150,120,60,60,#ERROR,30,90,90,90,30,120,90,360,120,#ERROR,#ERROR,150,-60,#ERROR,#ERROR,60,60,#ERROR,60,#ERROR,60,#ERROR,60,#ERROR,#ERROR,30,#ERROR,#ERROR
11/08/2020,#ERROR,#ERROR,-30,0,#ERROR,#ERROR,-120,-30,0,-60,-60,#ERROR,-150,-30,-30,-90,-90,0,-30,60,-60,#ERROR,#ERROR,-30,-60,#ERROR,#ERROR,-60,-60,#ERROR,-60,#ERROR,-60,#ERROR,-60,#ERROR,#ERROR,-30,#ERROR,#ERROR
12/08/2020,#ERROR,#ERROR,-30,180,#ERROR,#ERROR,-60,90,60,0,0,#ERROR,-90,-30,-30,-30,-30,60,30,180,0,#ERROR,#ERROR,30,-60,#ERROR,#ERROR,0,0,#ERROR,-60,#ERROR,0,#ERROR,-60,#ERROR,#ERROR,90,#ERROR,#ERROR
13/08/2020,#ERROR,#ERROR,30,120,#ERROR,#ERROR,180,210,240,-60,0,#ERROR,30,90,90,90,-30,240,270,120,240,#ERROR,#ERROR,210,-60,#ERROR,#ERROR,240,60,#ERROR,60,#ERROR,60,#ERROR,0,#ERROR,#ERROR,30,#ERROR,#ERROR
14/08/2020,#ERROR,#ERROR,-30,540,#ERROR,#ERROR,0,90,60,-60,0,#ERROR,450,330,330,450,450,60,90,480,60,#ERROR,#ERROR,90,0,#ERROR,#ERROR,60,420,#ERROR,-60,#ERROR,420,#ERROR,-60,#ERROR,#ERROR,450,#ERROR,#ERROR
15/08/2020,#ERROR,#ERROR,-30,0,#ERROR,#ERROR,0,0,30,-60,-60,#ERROR,-90,-30,-30,-30,-90,30,0,360,30,#ERROR,#ERROR,0,-60,#ERROR,#ERROR,30,-60,#ERROR,-60,#ERROR,-60,#ERROR,-60,#ERROR,#ERROR,-30,#ERROR,#ERROR
16/08/2020,#ERROR,#ERROR,-30,150,#ERROR,#ERROR,120,210,240,-60,-60,#ERROR,-30,-30,30,0,-60,240,270,120,180,#ERROR,#ERROR,210,0,#ERROR,#ERROR,240,0,#ERROR,-60,#ERROR,0,#ERROR,-60,-30,150,#ERROR,#ERROR,#ERROR
17/08/2020,#ERROR,#ERROR,30,60,#ERROR,#ERROR,180,150,180,0,0,#ERROR,-30,30,30,-30,-30,180,210,120,120,#ERROR,#ERROR,150,60,#ERROR,#ERROR,180,0,#ERROR,0,#ERROR,0,#ERROR,0,#ERROR,#ERROR,-30,#ERROR,#ERROR
18/08/2020,#ERROR,#ERROR,30,0,#ERROR,#ERROR,0,30,60,0,0,#ERROR,-30,30,30,-30,-30,60,30,0,0,#ERROR,#ERROR,30,60,#ERROR,#ERROR,0,0,#ERROR,0,#ERROR,0,#ERROR,0,#ERROR,#ERROR,-30,#ERROR,#ERROR
19/08/2020,#ERROR,#ERROR,-30,240,#ERROR,#ERROR,300,270,300,-60,0,#ERROR,-30,-30,-30,30,30,300,330,300,180,#ERROR,#ERROR,270,-60,#ERROR,#ERROR,300,0,#ERROR,-60,#ERROR,0,#ERROR,-60,#ERROR,#ERROR,150,#ERROR,#ERROR
20/08/2020,#ERROR,#ERROR,-30,60,#ERROR,#ERROR,60,90,60,-60,-60,#ERROR,-90,-30,-30,-30,-90,60,90,300,60,#ERROR,#ERROR,90,-60,#ERROR,#ERROR,60,-60,#ERROR,-60,#ERROR,-60,#ERROR,-60,#ERROR,#ERROR,30,#ERROR,#ERROR
21/08/2020,#ERROR,#ERROR,-30,300,#ERROR,#ERROR,180,150,180,-60,0,#ERROR,30,90,90,90,30,180,210,360,120,#ERROR,#ERROR,150,0,#ERROR,#ERROR,180,60,#ERROR,60,#ERROR,60,#ERROR,-60,#ERROR,#ERROR,270,#ERROR,#ERROR
22/08/2020,#ERROR,#ERROR,-30,420,#ERROR,#ERROR,-120,270,300,-60,0,#ERROR,30,-30,-30,90,90,240,270,540,240,#ERROR,#ERROR,270,-60,#ERROR,#ERROR,240,-60,#ERROR,-60,#ERROR,0,#ERROR,-60,#ERROR,#ERROR,390,#ERROR,#ERROR
23/08/2020,#ERROR,#ERROR,-30,-60,#ERROR,#ERROR,-60,-60,-30,-60,-60,#ERROR,-90,30,-30,30,-60,-30,-60,-90,-90,#ERROR,#ERROR,-60,-60,#ERROR,#ERROR,-30,0,#ERROR,-60,#ERROR,-60,#ERROR,-60,-60,0,#ERROR,#ERROR,#ERROR
24/08/2020,#ERROR,#ERROR,-30,60,#ERROR,#ERROR,60,30,60,-60,0,#ERROR,-90,-30,-30,-30,-90,60,30,300,0,#ERROR,#ERROR,30,-60,#ERROR,#ERROR,60,-60,#ERROR,-60,#ERROR,-60,#ERROR,-60,#ERROR,#ERROR,-30,#ERROR,#ERROR
25/08/2020,#ERROR,#ERROR,-30,240,#ERROR,#ERROR,240,210,240,-60,0,#ERROR,-30,30,30,30,-30,240,270,420,180,#ERROR,#ERROR,210,-60,#ERROR,#ERROR,240,0,#ERROR,0,#ERROR,0,#ERROR,-60,#ERROR,#ERROR,150,#ERROR,#ERROR
26/08/2020,#ERROR,#ERROR,-30,180,#ERROR,#ERROR,60,30,60,0,0,#ERROR,-90,-30,-30,-30,-90,60,90,180,60,#ERROR,#ERROR,30,60,#ERROR,#ERROR,60,-60,#ERROR,-60,#ERROR,-60,#ERROR,-60,#ERROR,#ERROR,150,#ERROR,#ERROR
27/08/2020,#ERROR,#ERROR,-30,0,#ERROR,#ERROR,-60,30,0,-60,0,#ERROR,-90,-30,-30,-30,-90,0,30,0,0,#ERROR,#ERROR,30,-60,#ERROR,#ERROR,0,-60,#ERROR,-60,#ERROR,-60,#ERROR,-60,#ERROR,#ERROR,-30,#ERROR,#ERROR
28/08/2020,#ERROR,#ERROR,"1,170","1,980",#ERROR,#ERROR,"-84,840","1,530","1,560","1,140","1,140",#ERROR,"1,410","1,470","1,470","1,830","1,770","1,560","1,530","1,980","1,560",#ERROR,#ERROR,"1,530","1,200",#ERROR,#ERROR,"1,560","1,440",#ERROR,"1,380",#ERROR,"1,440",#ERROR,"1,140",#ERROR,#ERROR,"1,920",#ERROR,#ERROR
29/08/2020,#ERROR,#ERROR,-30,-60,#ERROR,#ERROR,0,0,30,-60,0,#ERROR,-90,-30,-30,-30,-30,30,60,-120,30,#ERROR,#ERROR,0,0,#ERROR,#ERROR,30,-60,#ERROR,-60,#ERROR,-60,#ERROR,-60,#ERROR,#ERROR,-90,#ERROR,#ERROR
30/08/2020,#ERROR,#ERROR,-30,-30,#ERROR,#ERROR,60,-30,0,0,0,#ERROR,30,30,30,60,0,0,-30,-60,-60,#ERROR,#ERROR,-30,-60,#ERROR,#ERROR,0,60,#ERROR,0,#ERROR,60,#ERROR,0,-30,-30,#ERROR,#ERROR,#ERROR
31/08/2020,#ERROR,#ERROR,-30,0,#ERROR,#ERROR,-120,-30,0,-60,0,#ERROR,-30,-30,30,30,-30,-60,-30,180,-60,#ERROR,#ERROR,-30,-60,#ERROR,#ERROR,-60,0,#ERROR,0,#ERROR,0,#ERROR,-60,#ERROR,#ERROR,-30,#ERROR,#ERROR
01/09/2020,#ERROR,#ERROR,-30,60,#ERROR,#ERROR,120,90,120,-60,0,#ERROR,-30,30,30,30,-30,120,90,120,0,#ERROR,#ERROR,90,-60,#ERROR,#ERROR,120,0,#ERROR,0,#ERROR,0,#ERROR,-60,#ERROR,#ERROR,30,#ERROR,#ERROR
02/09/2020,#ERROR,#ERROR,-30,60,#ERROR,#ERROR,240,150,120,-60,0,#ERROR,-30,30,30,30,30,120,150,60,120,#ERROR,#ERROR,90,0,#ERROR,#ERROR,180,0,#ERROR,0,#ERROR,0,#ERROR,-60,#ERROR,#ERROR,30,#ERROR,#ERROR
03/09/2020,#ERROR,#ERROR,-30,0,#ERROR,#ERROR,-60,-30,0,-60,0,#ERROR,-30,30,30,30,-30,0,30,240,-60,#ERROR,#ERROR,-30,0,#ERROR,#ERROR,0,0,#ERROR,0,#ERROR,0,#ERROR,-60,#ERROR,#ERROR,30,#ERROR,#ERROR
04/09/2020,#ERROR,#ERROR,-30,0,#ERROR,#ERROR,60,90,120,-60,-60,#ERROR,-90,-30,-30,-30,-30,120,90,0,0,#ERROR,#ERROR,90,-60,#ERROR,#ERROR,120,-60,#ERROR,-60,#ERROR,-60,#ERROR,-60,#ERROR,#ERROR,-30,#ERROR,#ERROR
05/09/2020,#ERROR,#ERROR,-30,60,#ERROR,#ERROR,-60,-60,-30,-60,-60,#ERROR,90,150,150,150,30,-90,-60,60,-90,#ERROR,#ERROR,-60,0,#ERROR,#ERROR,-90,120,#ERROR,120,#ERROR,120,#ERROR,-60,#ERROR,#ERROR,30,#ERROR,#ERROR
06/09/2020,#ERROR,#ERROR,-30,-90,#ERROR,#ERROR,0,-30,-60,-60,0,#ERROR,-90,-30,-30,-60,-60,-60,-30,-60,-60,#ERROR,#ERROR,-30,-60,#ERROR,#ERROR,0,0,#ERROR,-60,#ERROR,0,#ERROR,-60,-30,-30,#ERROR,#ERROR,#ERROR
07/09/2020,#ERROR,#ERROR,-30,240,#ERROR,#ERROR,180,270,240,-60,0,#ERROR,-30,-30,30,90,90,240,270,480,240,#ERROR,#ERROR,270,-60,#ERROR,#ERROR,240,0,#ERROR,0,#ERROR,0,#ERROR,-60,#ERROR,#ERROR,210,#ERROR,#ERROR
08/09/2020,#ERROR,#ERROR,-30,-60,#ERROR,#ERROR,120,150,120,-120,-60,#ERROR,-90,-30,-30,-30,-90,120,150,300,-60,#ERROR,#ERROR,90,-60,#ERROR,#ERROR,120,-60,#ERROR,-60,#ERROR,-60,#ERROR,-60,#ERROR,#ERROR,-90,#ERROR,#ERROR
09/09/2020,#ERROR,#ERROR,30,180,#ERROR,#ERROR,-60,-30,0,0,0,#ERROR,-30,30,30,-30,-30,-60,-30,120,-60,#ERROR,#ERROR,-30,60,#ERROR,#ERROR,-60,0,#ERROR,0,#ERROR,0,#ERROR,0,#ERROR,#ERROR,150,#ERROR,#ERROR
10/09/2020,#ERROR,#ERROR,-30,60,#ERROR,#ERROR,0,30,60,-60,-60,#ERROR,90,-30,-30,90,30,60,30,0,0,#ERROR,#ERROR,30,0,#ERROR,#ERROR,0,60,#ERROR,-60,#ERROR,60,#ERROR,-60,#ERROR,#ERROR,30,#ERROR,#ERROR
11/09/2020,#ERROR,#ERROR,-30,60,#ERROR,#ERROR,240,270,240,-60,0,#ERROR,-90,30,-30,-30,-30,240,270,120,180,#ERROR,#ERROR,270,-60,#ERROR,#ERROR,240,0,#ERROR,0,#ERROR,0,#ERROR,-60,#ERROR,#ERROR,30,#ERROR,#ERROR
12/09/2020,#ERROR,#ERROR,-30,0,#ERROR,#ERROR,60,60,90,-60,-60,#ERROR,-30,-30,-30,30,-30,90,120,60,30,#ERROR,#ERROR,60,-60,#ERROR,#ERROR,90,0,#ERROR,0,#ERROR,0,#ERROR,-60,#ERROR,#ERROR,-30,#ERROR,#ERROR
13/09/2020,#ERROR,#ERROR,-30,-30,#ERROR,#ERROR,-60,-30,0,-120,-60,#ERROR,-90,-30,-30,-60,-60,0,-30,-60,-60,#ERROR,#ERROR,-30,-60,#ERROR,#ERROR,0,0,#ERROR,-60,#ERROR,0,#ERROR,-60,-30,-30,#ERROR,#ERROR,#ERROR
14/09/2020,#ERROR,#ERROR,30,#ERROR,#ERROR,#ERROR,#ERROR,#ERROR,#ERROR,0,0,#ERROR,-30,30,30,90,30,#ERROR,#ERROR,#ERROR,#ERROR,#ERROR,#ERROR,#ERROR,0,#ERROR,#ERROR,#ERROR,0,#ERROR,0,#ERROR,0,#ERROR,0,#ERROR,#ERROR,150,#ERROR,#ERROR
15/09/2020,#ERROR,#ERROR,-30,120,#ERROR,#ERROR,-60,-30,0,-60,0,#ERROR,-30,30,30,-30,-90,-60,-30,180,-60,#ERROR,#ERROR,-30,0,#ERROR,#ERROR,-60,0,#ERROR,0,#ERROR,0,#ERROR,0,#ERROR,#ERROR,90,#ERROR,#ERROR
16/09/2020,#ERROR,#ERROR,-30,180,#ERROR,#ERROR,120,90,60,-60,-60,#ERROR,150,90,90,210,150,60,#ERROR,120,60,#ERROR,#ERROR,90,-60,#ERROR,#ERROR,60,60,#ERROR,0,#ERROR,120,#ERROR,-60,#ERROR,#ERROR,150,#ERROR,#ERROR
17/09/2020,#ERROR,#ERROR,-30,0,#ERROR,#ERROR,-60,-30,0,-60,-60,#ERROR,-30,30,30,30,-30,0,30,0,-60,#ERROR,#ERROR,-30,-60,#ERROR,#ERROR,0,60,#ERROR,0,#ERROR,60,#ERROR,0,#ERROR,#ERROR,30,#ERROR,#ERROR
18/09/2020,#ERROR,#ERROR,-30,0,#ERROR,#ERROR,120,-30,0,-60,0,#ERROR,-30,-30,-30,30,30,0,30,0,-60,#ERROR,#ERROR,-30,0,#ERROR,#ERROR,60,0,#ERROR,-60,#ERROR,0,#ERROR,-60,#ERROR,#ERROR,-30,#ERROR,#ERROR
19/09/2020,#ERROR,#ERROR,390,720,#ERROR,390,360,300,330,360,360,#ERROR,750,750,750,810,750,330,360,780,270,#ERROR,#ERROR,300,240,#ERROR,#ERROR,330,720,#ERROR,540,#ERROR,720,#ERROR,360,#ERROR,#ERROR,750,#ERROR,#ERROR
20/09/2020,#ERROR,#ERROR,-30,-30,#ERROR,#ERROR,0,-30,0,-120,0,#ERROR,-30,-30,30,0,-60,0,30,0,-60,#ERROR,#ERROR,-30,-60,#ERROR,#ERROR,60,0,#ERROR,-60,#ERROR,0,#ERROR,-60,-30,-30,#ERROR,#ERROR,#ERROR
21/09/2020,#ERROR,#ERROR,-30,360,#ERROR,#ERROR,-60,30,60,-60,-60,#ERROR,150,210,210,450,390,0,30,360,-60,#ERROR,#ERROR,30,0,#ERROR,#ERROR,0,180,#ERROR,180,#ERROR,180,#ERROR,-60,#ERROR,#ERROR,390,#ERROR,#ERROR
22/09/2020,#ERROR,#ERROR,-30,-60,#ERROR,#ERROR,-120,-90,-60,-60,-60,#ERROR,-90,-30,-30,-30,-90,-60,-90,-120,-60,#ERROR,#ERROR,-90,-60,#ERROR,#ERROR,-60,-60,#ERROR,-60,#ERROR,-60,#ERROR,-60,#ERROR,#ERROR,-90,#ERROR,#ERROR
23/09/2020,#ERROR,#ERROR,-30,60,#ERROR,#ERROR,-60,-30,0,-60,0,#ERROR,30,30,30,90,90,0,30,0,-60,#ERROR,#ERROR,-30,-60,#ERROR,#ERROR,0,0,#ERROR,0,#ERROR,60,#ERROR,-60,#ERROR,#ERROR,90,#ERROR,#ERROR
24/09/2020,#ERROR,#ERROR,-30,0,#ERROR,#ERROR,0,30,0,-60,-60,#ERROR,-90,30,-30,-30,-30,0,30,0,0,#ERROR,#ERROR,30,0,#ERROR,#ERROR,0,-60,#ERROR,-60,#ERROR,-60,#ERROR,-60,#ERROR,#ERROR,-30,#ERROR,#ERROR
25/09/2020,#ERROR,#ERROR,-30,360,#ERROR,#ERROR,60,-30,0,-60,0,#ERROR,-30,30,30,150,150,0,-30,300,-60,#ERROR,#ERROR,-30,-60,#ERROR,#ERROR,0,0,#ERROR,0,#ERROR,0,#ERROR,-60,#ERROR,#ERROR,330,#ERROR,#ERROR
26/09/2020,#ERROR,#ERROR,-30,-270,#ERROR,#ERROR,60,90,60,0,0,#ERROR,90,150,150,150,120,60,90,-150,0,#ERROR,#ERROR,30,60,#ERROR,#ERROR,60,180,#ERROR,120,#ERROR,180,#ERROR,0,#ERROR,#ERROR,-60,#ERROR,#ERROR
27/09/2020,#ERROR,#ERROR,-30,90,#ERROR,#ERROR,120,90,120,-60,0,#ERROR,150,150,150,210,180,120,90,60,60,#ERROR,#ERROR,90,-60,#ERROR,#ERROR,120,180,#ERROR,-60,#ERROR,180,#ERROR,-60,210,90,#ERROR,#ERROR,#ERROR
28/09/2020,#ERROR,#ERROR,-30,420,#ERROR,#ERROR,0,-30,0,-60,-60,#ERROR,450,-30,210,510,450,0,30,360,0,#ERROR,#ERROR,-30,-60,#ERROR,#ERROR,0,300,#ERROR,-60,#ERROR,360,#ERROR,-60,#ERROR,#ERROR,390,#ERROR,#ERROR
30/09/2020,#ERROR,#ERROR,-30,-60,#ERROR,#ERROR,60,30,0,-60,-60,#ERROR,-90,-30,-30,-30,-30,0,30,-60,-60,#ERROR,#ERROR,-30,0,#ERROR,#ERROR,60,0,#ERROR,-60,#ERROR,0,#ERROR,-60,#ERROR,#ERROR,-30,#ERROR,#ERROR
01/10/2020,#ERROR,#ERROR,30,120,#ERROR,#ERROR,120,30,60,0,0,#ERROR,90,150,90,150,90,60,90,180,0,#ERROR,#ERROR,30,0,#ERROR,#ERROR,120,120,#ERROR,60,#ERROR,120,#ERROR,0,#ERROR,#ERROR,150,#ERROR,#ERROR
02/10/2020,#ERROR,#ERROR,-30,0,#ERROR,#ERROR,180,30,60,0,0,#ERROR,-30,30,30,30,-30,60,30,180,0,#ERROR,#ERROR,30,0,#ERROR,#ERROR,120,0,#ERROR,0,#ERROR,0,#ERROR,0,#ERROR,#ERROR,-30,#ERROR,#ERROR
03/10/2020,#ERROR,#ERROR,-30,60,#ERROR,#ERROR,60,-60,-30,-60,0,#ERROR,30,30,30,90,90,-30,-60,240,-90,#ERROR,#ERROR,-60,0,#ERROR,#ERROR,-30,60,#ERROR,0,#ERROR,60,#ERROR,-60,#ERROR,#ERROR,90,#ERROR,#ERROR
04/10/2020,#ERROR,#ERROR,210,-60,#ERROR,#ERROR,-60,0,0,180,180,#ERROR,90,210,210,-90,-90,0,0,-90,-30,0,0,0,240,0,30,#ERROR,240,#ERROR,180,#ERROR,240,#ERROR,180,-60,-60,#ERROR,#ERROR,0
05/10/2020,#ERROR,#ERROR,-30,0,#ERROR,-30,120,150,180,-60,0,60,-30,-30,30,30,-30,180,150,120,180,#ERROR,#ERROR,150,0,#ERROR,#ERROR,180,0,#ERROR,-60,#ERROR,0,#ERROR,-60,#ERROR,#ERROR,-30,#ERROR,#ERROR
06/10/2020,#ERROR,#ERROR,-30,0,#ERROR,-30,120,90,60,-60,-60,0,-30,30,30,30,-30,60,90,-60,60,#ERROR,#ERROR,90,-60,#ERROR,#ERROR,60,60,#ERROR,0,#ERROR,60,#ERROR,-60,#ERROR,#ERROR,-30,#ERROR,#ERROR
07/10/2020,#ERROR,#ERROR,210,180,#ERROR,-30,120,150,120,-60,240,180,210,210,210,210,150,120,150,120,180,#ERROR,#ERROR,150,-60,#ERROR,#ERROR,120,240,#ERROR,180,#ERROR,240,#ERROR,180,#ERROR,#ERROR,150,#ERROR,#ERROR
08/10/2020,#ERROR,#ERROR,-30,0,#ERROR,-30,0,-30,0,-60,-60,0,30,30,30,90,30,-60,-30,-60,0,#ERROR,#ERROR,-30,-60,#ERROR,#ERROR,0,0,#ERROR,0,#ERROR,0,#ERROR,-60,#ERROR,#ERROR,30,#ERROR,#ERROR
09/10/2020,#ERROR,#ERROR,-30,-60,#ERROR,-30,120,-30,0,-60,-60,-60,-90,-30,-30,-30,-90,-60,-30,180,0,#ERROR,#ERROR,-30,-60,#ERROR,#ERROR,0,-60,#ERROR,-60,#ERROR,-60,#ERROR,-60,#ERROR,#ERROR,-90,#ERROR,#ERROR
12/10/2020,#ERROR,#ERROR,-30,0,#ERROR,30,-60,-30,-60,0,0,60,-30,30,30,-30,-30,-60,-30,240,-60,#ERROR,#ERROR,-30,0,#ERROR,#ERROR,-60,0,#ERROR,0,#ERROR,0,#ERROR,-60,#ERROR,#ERROR,-30,#ERROR,#ERROR
13/10/2020,#ERROR,#ERROR,-30,780,#ERROR,-30,780,630,660,-60,-60,960,90,90,90,210,150,660,630,960,540,#ERROR,#ERROR,630,0,#ERROR,#ERROR,660,60,#ERROR,-60,#ERROR,60,#ERROR,-60,#ERROR,#ERROR,750,#ERROR,#ERROR
14/10/2020,#ERROR,#ERROR,-30,60,#ERROR,-30,60,30,60,-60,0,60,-30,30,30,90,30,60,90,240,-60,#ERROR,#ERROR,30,-60,#ERROR,#ERROR,60,0,#ERROR,0,#ERROR,0,#ERROR,-60,#ERROR,#ERROR,30,#ERROR,#ERROR
15/10/2020,#ERROR,#ERROR,-30,0,#ERROR,-30,-120,-30,0,-60,0,60,-90,-30,-30,-30,-30,0,-30,0,-60,#ERROR,#ERROR,-30,-60,#ERROR,#ERROR,-60,-60,#ERROR,-60,#ERROR,-60,#ERROR,-60,#ERROR,#ERROR,30,#ERROR,#ERROR
16/10/2020,#ERROR,#ERROR,-30,300,#ERROR,-30,300,270,240,-60,-60,420,30,-30,-30,90,30,240,270,360,240,#ERROR,#ERROR,210,0,#ERROR,#ERROR,300,0,#ERROR,-60,#ERROR,0,#ERROR,-60,#ERROR,#ERROR,270,#ERROR,#ERROR
19/10/2020,#ERROR,#ERROR,-30,60,#ERROR,-30,120,90,120,-60,0,120,30,90,30,90,-30,120,150,60,0,#ERROR,#ERROR,90,-60,#ERROR,#ERROR,120,60,#ERROR,0,#ERROR,60,#ERROR,-60,#ERROR,#ERROR,30,#ERROR,#ERROR
20/10/2020,#ERROR,#ERROR,-30,-60,#ERROR,-90,360,270,300,-60,0,240,-30,-30,-30,-30,-90,300,330,180,240,#ERROR,#ERROR,270,-60,#ERROR,#ERROR,360,0,#ERROR,-60,#ERROR,0,#ERROR,-60,#ERROR,#ERROR,-30,#ERROR,#ERROR
21/10/2020,#ERROR,#ERROR,-30,360,#ERROR,30,180,150,180,0,0,360,30,30,-30,90,90,180,210,360,120,#ERROR,#ERROR,150,0,#ERROR,#ERROR,180,0,#ERROR,0,#ERROR,0,#ERROR,0,#ERROR,#ERROR,330,#ERROR,#ERROR
22/10/2020,#ERROR,#ERROR,150,420,#ERROR,210,480,450,480,180,180,540,150,210,210,390,330,480,450,540,300,#ERROR,#ERROR,450,240,#ERROR,#ERROR,480,180,#ERROR,180,#ERROR,180,#ERROR,120,#ERROR,#ERROR,390,#ERROR,#ERROR
23/10/2020,#ERROR,#ERROR,-30,60,#ERROR,-30,180,210,180,0,0,60,30,90,90,90,30,180,210,60,60,#ERROR,#ERROR,150,-60,#ERROR,#ERROR,180,60,#ERROR,60,#ERROR,60,#ERROR,0,#ERROR,#ERROR,30,#ERROR,#ERROR
24/10/2020,#ERROR,#ERROR,-30,60,#ERROR,30,180,60,90,0,0,120,90,90,150,150,90,90,120,120,30,#ERROR,#ERROR,60,0,#ERROR,#ERROR,150,120,#ERROR,0,#ERROR,120,#ERROR,0,#ERROR,#ERROR,90,#ERROR,#ERROR
26/10/2020,#ERROR,#ERROR,-30,0,#ERROR,-30,120,30,0,-60,-60,0,-30,-30,-30,-30,-30,0,30,0,-60,#ERROR,#ERROR,-30,-60,#ERROR,#ERROR,0,0,#ERROR,-60,#ERROR,0,#ERROR,-60,#ERROR,#ERROR,-30,#ERROR,#ERROR
27/10/2020,#ERROR,#ERROR,-30,300,#ERROR,-30,720,630,660,-60,0,480,30,30,30,150,90,600,630,420,300,#ERROR,#ERROR,570,-60,#ERROR,#ERROR,660,0,#ERROR,0,#ERROR,0,#ERROR,-60,#ERROR,#ERROR,210,#ERROR,#ERROR
28/10/2020,#ERROR,#ERROR,-30,120,#ERROR,-90,240,270,240,-60,0,120,-30,30,30,90,30,240,270,120,60,#ERROR,#ERROR,210,-60,#ERROR,#ERROR,300,0,#ERROR,0,#ERROR,0,#ERROR,-60,#ERROR,#ERROR,90,#ERROR,#ERROR
29/10/2020,#ERROR,#ERROR,-30,240,#ERROR,-30,180,210,240,-60,0,300,-30,-30,-30,-30,-30,240,210,240,60,#ERROR,#ERROR,210,0,#ERROR,#ERROR,240,0,#ERROR,-60,#ERROR,0,#ERROR,-60,#ERROR,#ERROR,210,#ERROR,#ERROR
30/10/2020,#ERROR,#ERROR,-30,-60,#ERROR,-30,120,150,180,-60,0,0,-90,-30,-30,-30,-30,180,210,300,60,#ERROR,#ERROR,150,-60,#ERROR,#ERROR,180,-60,#ERROR,-60,#ERROR,-60,#ERROR,-60,#ERROR,#ERROR,-30,#ERROR,#ERROR
31/10/2020,#ERROR,#ERROR,-30,-60,#ERROR,-30,180,240,270,-60,-60,-60,-30,30,30,-60,-90,270,240,-90,90,#ERROR,#ERROR,240,0,#ERROR,#ERROR,210,0,#ERROR,-60,#ERROR,0,#ERROR,-60,#ERROR,#ERROR,-90,#ERROR,#ERROR
01/12/2020,#ERROR,#ERROR,-30,60,#ERROR,-30,120,90,120,-60,-60,120,-30,-30,-30,30,-30,120,150,120,-60,#ERROR,#ERROR,90,0,#ERROR,#ERROR,120,0,#ERROR,0,#ERROR,0,#ERROR,-60,#ERROR,#ERROR,30,#ERROR,#ERROR
02/12/2020,#ERROR,#ERROR,-30,300,#ERROR,-30,660,570,600,-60,-60,660,30,-30,-30,150,30,600,570,600,420,#ERROR,#ERROR,570,-60,#ERROR,#ERROR,600,-60,#ERROR,-60,#ERROR,-60,#ERROR,-60,#ERROR,#ERROR,270,#ERROR,#ERROR
03/12/2020,#ERROR,#ERROR,-30,120,#ERROR,-30,180,210,240,-60,-60,120,90,30,30,150,90,240,210,120,60,#ERROR,#ERROR,210,-60,#ERROR,#ERROR,240,120,#ERROR,0,#ERROR,120,#ERROR,-60,#ERROR,#ERROR,90,#ERROR,#ERROR
04/12/2020,#ERROR,#ERROR,-30,-60,#ERROR,30,540,450,480,0,0,120,-30,30,-30,30,-30,480,510,120,60,#ERROR,#ERROR,390,0,#ERROR,#ERROR,540,0,#ERROR,0,#ERROR,0,#ERROR,0,#ERROR,#ERROR,-90,#ERROR,#ERROR
05/12/2020,#ERROR,#ERROR,-30,0,#ERROR,-30,120,60,90,-60,-60,60,30,30,-30,90,30,90,60,300,-30,#ERROR,#ERROR,60,-60,#ERROR,#ERROR,90,0,#ERROR,0,#ERROR,0,#ERROR,-60,#ERROR,#ERROR,30,#ERROR,#ERROR
06/12/2020,#ERROR,#ERROR,-30,180,#ERROR,-30,360,240,270,-60,0,180,150,60,60,240,150,270,300,150,150,#ERROR,#ERROR,240,-60,#ERROR,#ERROR,270,60,#ERROR,0,30,60,#ERROR,0,180,180,#ERROR,#ERROR,#ERROR
07/12/2020,#ERROR,#ERROR,-30,0,#ERROR,-30,120,210,240,-60,0,60,30,30,30,90,30,240,210,300,120,#ERROR,#ERROR,210,0,#ERROR,#ERROR,180,60,#ERROR,0,#ERROR,60,#ERROR,0,#ERROR,#ERROR,30,#ERROR,#ERROR
08/12/2020,#ERROR,#ERROR,-30,0,#ERROR,-30,60,150,180,-60,-60,0,-90,-30,-30,-30,-90,180,150,-60,0,#ERROR,#ERROR,150,-60,#ERROR,#ERROR,120,-60,#ERROR,-60,#ERROR,-60,#ERROR,-60,#ERROR,#ERROR,-30,#ERROR,#ERROR
09/12/2020,#ERROR,#ERROR,-30,-60,#ERROR,-30,60,90,120,-60,-60,0,-90,-30,-30,30,-30,120,90,-60,0,#ERROR,#ERROR,90,0,#ERROR,#ERROR,120,0,#ERROR,0,#ERROR,0,#ERROR,-60,#ERROR,#ERROR,-30,#ERROR,#ERROR
10/12/2020,#ERROR,#ERROR,-30,180,#ERROR,-30,300,270,300,-60,0,180,90,90,90,150,90,300,270,180,120,#ERROR,#ERROR,270,0,#ERROR,#ERROR,300,120,#ERROR,0,#ERROR,120,#ERROR,0,#ERROR,#ERROR,150,#ERROR,#ERROR
11/12/2020,#ERROR,#ERROR,30,60,#ERROR,-30,0,90,60,-60,0,60,30,90,90,90,30,60,90,240,-60,#ERROR,#ERROR,30,-60,#ERROR,#ERROR,60,60,#ERROR,0,#ERROR,60,#ERROR,0,#ERROR,#ERROR,30,#ERROR,#ERROR
12/12/2020,#ERROR,#ERROR,-30,60,#ERROR,-90,180,120,150,-60,-60,60,30,90,90,150,30,150,120,60,-90,#ERROR,#ERROR,60,-60,#ERROR,#ERROR,150,60,#ERROR,0,#ERROR,60,#ERROR,0,#ERROR,#ERROR,30,#ERROR,#ERROR
13/12/2020,#ERROR,#ERROR,-30,-90,#ERROR,-30,-60,30,0,-120,0,-90,-30,30,30,60,-60,0,30,-120,-60,#ERROR,#ERROR,-30,-60,#ERROR,#ERROR,0,0,#ERROR,0,#ERROR,0,#ERROR,-60,-30,-30,#ERROR,#ERROR,#ERROR
14/12/2020,#ERROR,#ERROR,150,180,#ERROR,150,180,330,360,120,120,240,210,210,210,330,210,360,330,180,180,#ERROR,#ERROR,330,180,#ERROR,#ERROR,300,180,#ERROR,180,#ERROR,180,#ERROR,120,#ERROR,#ERROR,210,#ERROR,#ERROR
15/12/2020,#ERROR,#ERROR,-30,120,#ERROR,-30,600,270,300,-60,0,300,90,90,90,210,90,300,330,300,120,#ERROR,#ERROR,270,0,#ERROR,#ERROR,360,120,#ERROR,0,#ERROR,120,#ERROR,0,#ERROR,#ERROR,150,#ERROR,#ERROR
16/12/2020,#ERROR,#ERROR,-30,0,#ERROR,-30,120,270,240,-60,0,0,-30,90,30,30,-30,300,270,0,60,#ERROR,#ERROR,270,0,#ERROR,#ERROR,240,0,#ERROR,0,#ERROR,0,#ERROR,-60,#ERROR,#ERROR,-30,#ERROR,#ERROR
18/12/2020,#ERROR,#ERROR,-30,180,#ERROR,-30,420,510,540,-60,-60,480,-30,30,30,270,150,540,510,600,480,#ERROR,#ERROR,510,0,#ERROR,#ERROR,480,0,#ERROR,0,#ERROR,0,#ERROR,-60,#ERROR,#ERROR,150,#ERROR,#ERROR
19/12/2020,#ERROR,#ERROR,-30,360,#ERROR,-30,480,570,540,-60,0,420,330,210,210,390,330,540,570,720,480,#ERROR,#ERROR,570,-60,#ERROR,#ERROR,540,300,#ERROR,0,#ERROR,300,#ERROR,0,#ERROR,#ERROR,330,#ERROR,#ERROR
20/12/2020,#ERROR,#ERROR,-30,-30,#ERROR,-30,-60,-30,0,-60,-60,-30,90,90,90,120,0,0,30,-60,0,#ERROR,#ERROR,-30,0,#ERROR,#ERROR,0,120,#ERROR,60,#ERROR,120,#ERROR,0,-30,-30,#ERROR,#ERROR,#ERROR
21/12/2020,#ERROR,#ERROR,-30,0,#ERROR,-30,60,-30,0,-60,-60,60,30,90,90,90,30,0,30,0,-60,#ERROR,#ERROR,-30,0,#ERROR,#ERROR,0,60,#ERROR,0,#ERROR,60,#ERROR,-60,#ERROR,#ERROR,30,#ERROR,#ERROR
22/12/2020,#ERROR,#ERROR,-30,0,#ERROR,-30,-120,-30,0,-60,-60,0,-30,30,30,90,-30,0,-30,-60,-60,#ERROR,#ERROR,-30,0,#ERROR,#ERROR,0,0,#ERROR,0,#ERROR,0,#ERROR,-60,#ERROR,#ERROR,-30,#ERROR,#ERROR
28/12/2020,#ERROR,#ERROR,-30,150,#ERROR,30,-60,0,0,0,0,150,30,90,30,120,90,0,-30,150,-90,#ERROR,#ERROR,0,0,#ERROR,#ERROR,0,60,#ERROR,0,#ERROR,60,#ERROR,0,#ERROR,#ERROR,180,#ERROR,#ERROR
29/12/2020,#ERROR,#ERROR,-30,450,#ERROR,-30,120,270,300,-60,0,510,90,150,90,510,450,300,330,540,240,#ERROR,#ERROR,270,-60,#ERROR,#ERROR,360,120,#ERROR,60,#ERROR,120,#ERROR,0,#ERROR,#ERROR,480,#ERROR,#ERROR
30/12/2020,#ERROR,#ERROR,-30,150,#ERROR,-90,0,210,180,-60,0,150,-30,30,30,210,90,180,210,120,60,#ERROR,#ERROR,150,-60,#ERROR,#ERROR,180,0,#ERROR,0,#ERROR,0,#ERROR,-60,#ERROR,#ERROR,120,#ERROR,#ERROR
01/01/2021,#ERROR,#ERROR,-30,120,#ERROR,-30,180,120,150,-60,0,180,90,150,150,120,90,150,180,150,150,#ERROR,#ERROR,120,-60,#ERROR,#ERROR,210,120,#ERROR,60,#ERROR,120,#ERROR,0,180,180,#ERROR,#ERROR,#ERROR
02/01/2021,#ERROR,#ERROR,-30,390,#ERROR,-30,240,210,240,-60,-60,390,30,90,90,360,270,240,270,420,60,#ERROR,#ERROR,210,0,#ERROR,#ERROR,240,60,#ERROR,60,#ERROR,60,#ERROR,-60,#ERROR,#ERROR,360,#ERROR,#ERROR
03/01/2021,#ERROR,#ERROR,-30,0,#ERROR,-30,-60,60,30,-60,-60,60,150,150,210,60,30,90,60,30,30,150,-90,60,-60,#ERROR,#ERROR,90,180,#ERROR,60,#ERROR,180,#ERROR,0,60,60,#ERROR,#ERROR,#ERROR
04/01/2021,#ERROR,#ERROR,-30,0,#ERROR,-30,0,30,0,-60,-60,60,-30,90,30,150,30,0,30,0,-60,#ERROR,#ERROR,30,0,#ERROR,#ERROR,0,60,#ERROR,0,#ERROR,60,#ERROR,-60,#ERROR,#ERROR,30,#ERROR,#ERROR
05/01/2021,#ERROR,#ERROR,-30,240,#ERROR,-30,60,210,180,-60,-60,480,30,30,30,390,270,240,210,480,120,#ERROR,#ERROR,150,0,#ERROR,#ERROR,180,0,#ERROR,0,#ERROR,0,#ERROR,-60,#ERROR,#ERROR,270,#ERROR,#ERROR
06/01/2021,#ERROR,#ERROR,-30,0,#ERROR,-90,660,-30,-60,-60,-60,60,30,90,30,90,30,-60,-30,0,-60,#ERROR,#ERROR,-30,-60,#ERROR,#ERROR,240,0,#ERROR,0,#ERROR,0,#ERROR,-60,#ERROR,#ERROR,30,#ERROR,#ERROR
07/01/2021,#ERROR,#ERROR,-30,660,#ERROR,#ERROR,420,#ERROR,#ERROR,-60,0,#ERROR,210,210,210,750,750,#ERROR,#ERROR,780,420,#ERROR,#ERROR,450,0,#ERROR,#ERROR,540,240,#ERROR,180,#ERROR,180,#ERROR,#ERROR,#ERROR,#ERROR,690,#ERROR,#ERROR
08/01/2021,#ERROR,#ERROR,-30,300,#ERROR,-30,300,270,300,-60,-60,360,30,90,30,390,330,300,330,300,180,#ERROR,#ERROR,270,0,#ERROR,#ERROR,300,60,#ERROR,0,#ERROR,60,#ERROR,0,#ERROR,#ERROR,330,#ERROR,#ERROR
09/01/2021,#ERROR,#ERROR,-30,780,#ERROR,-30,900,750,780,-60,-60,"1,020",90,90,90,750,690,840,870,"1,020",660,#ERROR,#ERROR,750,-60,#ERROR,#ERROR,840,60,#ERROR,0,#ERROR,60,#ERROR,0,#ERROR,#ERROR,750,#ERROR,#ERROR
10/01/2021,360,390,-30,390,#ERROR,-30,-60,390,360,0,0,390,330,90,90,450,420,360,390,360,360,240,0,330,0,330,300,#ERROR,120,#ERROR,60,90,240,#ERROR,-60,390,450,#ERROR,30,330
11/01/2021,#ERROR,#ERROR,-30,420,#ERROR,-30,180,330,300,-60,0,660,150,90,90,390,330,300,330,600,240,#ERROR,#ERROR,270,0,#ERROR,#ERROR,300,60,#ERROR,0,#ERROR,60,#ERROR,-60,#ERROR,#ERROR,390,#ERROR,#ERROR
12/01/2021,#ERROR,#ERROR,-30,120,#ERROR,-30,-120,-30,0,-60,0,120,30,30,30,210,150,0,-30,180,-60,#ERROR,#ERROR,-30,-60,#ERROR,#ERROR,-60,60,#ERROR,0,#ERROR,60,#ERROR,-60,#ERROR,#ERROR,90,#ERROR,#ERROR
13/01/2021,#ERROR,#ERROR,-30,60,#ERROR,-30,120,150,180,-60,-60,120,30,30,30,150,90,180,150,60,60,#ERROR,#ERROR,150,0,#ERROR,#ERROR,180,0,#ERROR,0,#ERROR,0,#ERROR,-60,#ERROR,#ERROR,30,#ERROR,#ERROR
14/01/2021,#ERROR,#ERROR,-30,0,#ERROR,-30,-180,-90,-60,-60,0,60,-30,30,30,90,30,-60,-30,240,-60,#ERROR,#ERROR,-90,0,#ERROR,#ERROR,-60,0,#ERROR,0,#ERROR,0,#ERROR,-60,#ERROR,#ERROR,30,#ERROR,#ERROR
15/01/2021,#ERROR,#ERROR,-30,300,#ERROR,-90,180,90,60,0,0,420,90,150,150,330,210,60,30,360,0,#ERROR,#ERROR,30,-60,#ERROR,#ERROR,60,120,#ERROR,60,#ERROR,120,#ERROR,0,#ERROR,#ERROR,270,#ERROR,#ERROR
18/01/2021,#ERROR,#ERROR,-30,60,#ERROR,-30,60,150,180,-60,-60,60,30,30,30,150,90,180,150,60,60,#ERROR,#ERROR,150,0,#ERROR,#ERROR,180,0,#ERROR,0,#ERROR,0,#ERROR,-60,#ERROR,#ERROR,30,#ERROR,#ERROR
19/01/2021,#ERROR,#ERROR,-30,180,#ERROR,-30,0,90,60,-60,0,180,90,210,150,270,150,60,90,180,60,#ERROR,#ERROR,90,0,#ERROR,#ERROR,120,180,#ERROR,120,#ERROR,180,#ERROR,-60,#ERROR,#ERROR,150,#ERROR,#ERROR
20/01/2021,#ERROR,#ERROR,-30,0,#ERROR,-30,120,270,300,-60,0,120,-30,30,30,90,30,300,270,60,180,#ERROR,#ERROR,270,0,#ERROR,#ERROR,240,0,#ERROR,0,#ERROR,0,#ERROR,-60,#ERROR,#ERROR,30,#ERROR,#ERROR
21/01/2021,#ERROR,#ERROR,-30,240,#ERROR,-30,0,90,60,-60,0,240,150,150,150,270,210,60,90,240,60,#ERROR,#ERROR,90,0,#ERROR,#ERROR,120,120,#ERROR,60,#ERROR,120,#ERROR,0,#ERROR,#ERROR,210,#ERROR,#ERROR
22/01/2021,#ERROR,#ERROR,-30,-60,#ERROR,-30,-60,30,0,-60,-60,-60,-90,30,-30,30,-30,0,30,-60,0,#ERROR,#ERROR,30,0,#ERROR,#ERROR,0,-60,#ERROR,-60,#ERROR,-60,#ERROR,-60,#ERROR,#ERROR,-90,#ERROR,#ERROR
23/01/2021,#ERROR,#ERROR,30,30,#ERROR,30,0,0,-30,60,60,-30,90,210,210,180,120,-30,0,-90,-90,#ERROR,#ERROR,-60,60,#ERROR,#ERROR,-30,180,#ERROR,120,#ERROR,180,#ERROR,60,#ERROR,#ERROR,90,#ERROR,#ERROR
24/01/2021,#ERROR,#ERROR,-30,-90,#ERROR,-30,-60,-30,0,-60,0,-90,-60,90,90,-60,-90,0,-30,-60,-60,#ERROR,#ERROR,-30,-60,#ERROR,#ERROR,0,120,120,0,#ERROR,150,#ERROR,-60,-90,-30,#ERROR,#ERROR,#ERROR
25/01/2021,#ERROR,#ERROR,-30,-60,#ERROR,-30,120,210,180,-60,-60,120,-90,30,30,30,-30,180,150,60,120,#ERROR,#ERROR,210,0,#ERROR,#ERROR,120,0,#ERROR,0,#ERROR,0,#ERROR,-60,#ERROR,#ERROR,-30,#ERROR,#ERROR
26/01/2021,#ERROR,#ERROR,-30,540,#ERROR,-30,720,810,780,-60,-60,660,330,30,30,630,570,780,810,600,600,#ERROR,#ERROR,750,0,#ERROR,#ERROR,840,0,#ERROR,0,#ERROR,0,#ERROR,-60,#ERROR,#ERROR,510,#ERROR,#ERROR
27/01/2021,#ERROR,#ERROR,-30,0,#ERROR,-30,360,270,240,-60,0,180,30,30,30,90,30,240,210,120,180,#ERROR,#ERROR,270,0,#ERROR,#ERROR,240,60,#ERROR,0,#ERROR,60,#ERROR,-60,#ERROR,#ERROR,30,#ERROR,#ERROR
28/01/2021,#ERROR,#ERROR,90,120,#ERROR,150,240,-30,-60,60,60,120,150,150,150,210,150,-60,-90,120,-60,#ERROR,#ERROR,-30,180,#ERROR,#ERROR,-120,180,#ERROR,120,#ERROR,180,#ERROR,120,#ERROR,#ERROR,150,#ERROR,#ERROR
29/01/2021,#ERROR,#ERROR,-30,60,#ERROR,-30,-60,30,0,-60,0,60,30,30,30,150,90,0,30,60,60,#ERROR,#ERROR,30,0,#ERROR,#ERROR,0,60,#ERROR,0,#ERROR,60,#ERROR,-60,#ERROR,#ERROR,30,#ERROR,#ERROR
30/01/2021,#ERROR,#ERROR,-30,90,#ERROR,-30,0,-90,-60,-60,-60,90,90,30,30,210,150,-60,-30,120,-60,#ERROR,#ERROR,-90,0,#ERROR,#ERROR,-60,60,#ERROR,0,#ERROR,60,#ERROR,-60,#ERROR,#ERROR,60,#ERROR,#ERROR
31/01/2021,#ERROR,#ERROR,270,750,#ERROR,210,960,930,960,240,240,810,540,420,420,810,780,960,990,780,780,#ERROR,#ERROR,870,120,#ERROR,#ERROR,"1,020",570,#ERROR,270,#ERROR,570,#ERROR,360,810,810,#ERROR,#ERROR,#ERROR
01/02/2021,#ERROR,#ERROR,-30,240,#ERROR,-30,240,390,360,-60,-60,360,30,90,30,90,30,360,390,360,300,#ERROR,#ERROR,390,0,#ERROR,#ERROR,360,60,#ERROR,0,#ERROR,60,#ERROR,-60,#ERROR,#ERROR,210,#ERROR,#ERROR
02/02/2021,#ERROR,#ERROR,-30,0,#ERROR,-30,-120,-30,0,-60,-60,0,-30,30,30,90,30,-60,-30,0,-60,#ERROR,#ERROR,-30,0,#ERROR,#ERROR,-60,0,#ERROR,0,#ERROR,0,#ERROR,-60,#ERROR,#ERROR,-30,#ERROR,#ERROR
03/02/2021,#ERROR,#ERROR,-30,60,#ERROR,-90,240,330,360,-120,-60,240,30,30,30,90,30,360,330,180,300,#ERROR,#ERROR,330,-60,#ERROR,#ERROR,300,60,#ERROR,-60,#ERROR,60,#ERROR,-60,#ERROR,#ERROR,30,#ERROR,#ERROR
04/02/2021,#ERROR,#ERROR,-30,60,#ERROR,-90,60,30,0,-120,-60,120,30,30,30,150,90,0,30,60,-60,#ERROR,#ERROR,30,-60,#ERROR,#ERROR,0,60,#ERROR,-60,#ERROR,60,#ERROR,-60,#ERROR,#ERROR,90,#ERROR,#ERROR
06/02/2021,#ERROR,#ERROR,-30,360,#ERROR,-30,240,270,240,-60,-60,540,150,90,30,210,150,240,270,540,180,#ERROR,#ERROR,270,-60,#ERROR,#ERROR,300,60,#ERROR,0,#ERROR,60,#ERROR,-60,#ERROR,#ERROR,210,#ERROR,#ERROR
07/02/2021,#ERROR,#ERROR,30,90,#ERROR,90,60,30,60,60,60,90,210,150,150,240,120,60,30,60,60,#ERROR,#ERROR,30,60,#ERROR,#ERROR,60,180,#ERROR,60,#ERROR,180,#ERROR,60,150,90,#ERROR,#ERROR,#ERROR
08/02/2021,#ERROR,#ERROR,-30,720,#ERROR,-30,660,630,660,-60,-60,720,90,150,90,810,750,660,630,660,540,#ERROR,#ERROR,630,0,#ERROR,#ERROR,600,120,#ERROR,-60,#ERROR,120,#ERROR,-60,#ERROR,#ERROR,690,#ERROR,#ERROR
09/02/2021,#ERROR,#ERROR,-30,480,#ERROR,-30,60,150,180,-60,0,480,30,30,30,570,510,180,150,480,180,#ERROR,#ERROR,150,0,#ERROR,#ERROR,120,60,#ERROR,0,#ERROR,60,#ERROR,-60,#ERROR,#ERROR,450,#ERROR,#ERROR
11/02/2021,#ERROR,#ERROR,-30,180,#ERROR,-30,180,90,120,-60,-60,300,30,30,30,150,30,120,90,300,120,#ERROR,#ERROR,90,-60,#ERROR,#ERROR,60,0,#ERROR,0,#ERROR,0,#ERROR,-60,#ERROR,#ERROR,90,#ERROR,#ERROR
12/02/2021,#ERROR,#ERROR,-30,180,#ERROR,-90,120,330,300,-120,-60,240,30,-30,-30,270,210,300,270,600,240,#ERROR,#ERROR,330,0,#ERROR,#ERROR,240,-60,#ERROR,-60,#ERROR,-60,#ERROR,-60,#ERROR,#ERROR,210,#ERROR,#ERROR
15/02/2021,#ERROR,#ERROR,-30,540,#ERROR,-90,360,510,480,-60,0,600,90,90,30,570,510,480,510,840,480,#ERROR,#ERROR,510,0,#ERROR,#ERROR,480,60,#ERROR,0,#ERROR,60,#ERROR,-60,#ERROR,#ERROR,570,#ERROR,#ERROR
16/02/2021,#ERROR,#ERROR,-30,0,#ERROR,-30,120,150,120,-120,-60,0,-30,30,30,90,30,120,90,0,0,#ERROR,#ERROR,150,0,#ERROR,#ERROR,120,0,#ERROR,0,#ERROR,0,#ERROR,-60,#ERROR,#ERROR,-30,#ERROR,#ERROR
17/02/2021,#ERROR,#ERROR,-30,420,#ERROR,-30,0,150,120,-60,-60,540,210,90,90,390,270,120,90,480,60,#ERROR,#ERROR,90,0,#ERROR,#ERROR,120,180,#ERROR,0,#ERROR,180,#ERROR,-60,#ERROR,#ERROR,330,#ERROR,#ERROR
18/02/2021,#ERROR,#ERROR,30,180,#ERROR,-30,120,90,60,-60,0,180,150,210,210,270,210,60,90,180,0,#ERROR,#ERROR,90,0,#ERROR,#ERROR,240,180,#ERROR,180,#ERROR,180,#ERROR,60,#ERROR,#ERROR,150,#ERROR,#ERROR
19/02/2021,#ERROR,#ERROR,-30,180,#ERROR,-30,120,30,60,-60,0,180,90,150,90,270,210,60,30,180,60,#ERROR,#ERROR,30,0,#ERROR,#ERROR,240,120,#ERROR,60,#ERROR,120,#ERROR,-60,#ERROR,#ERROR,150,#ERROR,#ERROR
22/02/2021,#ERROR,#ERROR,-30,120,#ERROR,-30,-120,30,0,-60,-60,300,-30,30,30,150,90,0,-30,360,0,#ERROR,#ERROR,-30,0,#ERROR,#ERROR,-60,0,#ERROR,-60,#ERROR,0,#ERROR,-60,#ERROR,#ERROR,90,#ERROR,#ERROR
23/02/2021,#ERROR,#ERROR,-30,60,#ERROR,-90,540,690,720,-60,-60,240,-30,30,-30,150,90,660,690,240,120,#ERROR,#ERROR,630,-60,#ERROR,#ERROR,660,0,#ERROR,-60,#ERROR,0,#ERROR,-60,#ERROR,#ERROR,90,#ERROR,#ERROR
24/02/2021,#ERROR,#ERROR,-30,60,#ERROR,-30,120,330,300,-60,0,180,30,30,-30,150,90,300,270,120,240,#ERROR,#ERROR,270,0,#ERROR,#ERROR,240,0,#ERROR,-60,#ERROR,0,#ERROR,-60,#ERROR,#ERROR,30,#ERROR,#ERROR
25/02/2021,#ERROR,#ERROR,30,120,#ERROR,90,-120,30,60,60,0,120,30,90,30,150,90,60,30,60,60,#ERROR,#ERROR,30,120,#ERROR,#ERROR,0,60,#ERROR,0,#ERROR,60,#ERROR,0,#ERROR,#ERROR,90,#ERROR,#ERROR
